"num_fatura","nom_filial","tpo_cliente","nom_sexo_cliente","id_linha_produto","vlr_preco_unitario","qtd_produtos","dta_venda","hra_venda","nom_forma_pagam","num_avaliacao"
"750-67-8428","A","Member","Female","4","224.07","7","1/5/2019","13:08","Debit card","10"
"226-31-3081","C","Normal","Female","1","45.84","10","3/8/2019","10:29","Cash","5"
"631-41-3108","A","Normal","Male","5","138.99","5","3/3/2019","13:23","Credit card","9"
"123-19-1176","A","Member","Male","4","174.66","8","1/27/2019","20:33","Debit card","10"
"373-73-7910","A","Normal","Male","6","258.93","7","2/8/2019","10:37","Debit card","6"
"699-14-3026","C","Normal","Male","1","256.16998","5","3/25/2019","18:30","Debit card","5"
"355-53-5943","A","Member","Female","1","206.51999","6","2/25/2019","14:36","Debit card","7"
"315-22-5665","C","Normal","Female","5","220.68","10","2/24/2019","11:38","Debit card","10"
"665-32-9167","A","Member","Female","4","108.78","2","1/10/2019","17:15","Credit card","9"
"692-92-5582","B","Member","Female","3","164.52","3","2/20/2019","13:27","Credit card","7"
"351-62-0822","B","Member","Female","2","43.44","4","2/6/2019","18:07","Debit card","5"
"529-56-3974","B","Member","Male","1","76.53","3","3/9/2019","17:03","Cash","8"
"365-64-0515","A","Normal","Female","1","140.85","5","2/12/2019","10:25","Debit card","9"
"252-56-2699","A","Normal","Male","3","129.56999","10","2/7/2019","16:48","Debit card","10"
"829-34-3910","A","Normal","Female","4","214.13998","16","3/29/2019","19:21","Cash","3"
"299-46-1805","B","Member","Female","6","281.16","12","1/15/2019","16:19","Cash","5"
"656-95-9349","A","Member","Female","4","206.79001","5","3/11/2019","11:03","Credit card","5"
"765-26-6951","A","Normal","Male","6","217.83","6","1/1/2019","10:39","Credit card","8"
"329-62-1586","A","Normal","Male","3","164.01","3","1/21/2019","18:00","Credit card","10"
"319-50-3348","B","Normal","Female","5","120.899994","1","3/11/2019","15:30","Debit card","5"
"300-71-4605","C","Member","Male","1","258.12","5","2/25/2019","11:24","Debit card","6"
"371-85-5789","B","Normal","Male","4","263.94","2","3/5/2019","10:40","Debit card","6"
"273-16-6619","B","Normal","Male","5","99.600006","4","3/15/2019","12:20","Credit card","2"
"636-48-8204","A","Normal","Male","1","103.68001","5","2/17/2019","11:15","Debit card","10"
"549-59-1358","A","Member","Male","6","null","2","3/2/2019","17:36","Debit card","7"
"227-03-5010","A","Member","Female","5","157.77","12","3/22/2019","19:20","Credit card","5"
"649-29-6775","B","Normal","Male","2","100.56","1","2/8/2019","15:31","Cash","8"
"189-17-4241","A","Normal","Female","2","263.01","3","3/10/2019","12:17","Credit card","4"
"145-94-9061","B","Normal","Female","3","265.08002","15","1/25/2019","19:48","Cash","5"
"848-62-7243","A","Normal","Male","4","74.67","7","3/15/2019","15:36","Cash","9"
"871-79-8483","B","Normal","Male","2","282.38998","15","2/25/2019","19:39","Credit card","2"
"149-71-6266","B","Member","Male","6","234.20999","27","1/28/2019","12:43","Cash","2"
"640-49-2076","B","Normal","Male","6","251.34","8","1/10/2019","14:49","Cash","6"
"595-11-5460","A","Normal","Male","4","289.74","1","3/15/2019","10:12","Credit card","6"
"183-56-6882","C","Member","Female","3","298.26","10","2/6/2019","10:42","Debit card","4"
"232-16-2483","C","Member","Female","6","204.36002","2","1/7/2019","12:28","Debit card","8"
"129-29-8530","A","Member","Male","6","187.86","8","3/10/2019","19:15","Debit card","4"
"272-65-1806","A","Normal","Female","1","182.64","9","1/15/2019","17:17","Debit card","6"
"333-73-7901","C","Normal","Female","4","164.76","6","3/23/2019","13:24","Debit card","9"
"777-82-7220","B","Member","Male","5","90.36","6","3/3/2019","13:01","Cash","10"
"280-35-5823","B","Member","Female","5","260.16","1","1/17/2019","18:45","Debit card","10"
"554-53-8700","C","Member","Male","5","null","5","2/2/2019","10:11","Cash","3"
"354-25-5821","B","Member","Female","6","207.36002","24","2/8/2019","13:03","Cash","7"
"228-96-1411","C","Member","Female","3","296.09998","6","3/4/2019","20:39","Cash","9"
"617-15-4209","C","Member","Male","4","46.11","1","3/16/2019","19:47","Cash","9"
"132-32-9879","B","Member","Female","1","281.88","3","3/9/2019","18:00","Cash","10"
"370-41-7321","B","Member","Male","4","170.06999","9","2/27/2019","17:24","Credit card","10"
"727-46-3608","B","Member","Female","3","60.03","9","2/6/2019","15:47","Debit card","5"
"669-54-1719","B","Member","Male","1","56.79","18","2/10/2019","12:45","Credit card","4"
"574-22-5561","C","Member","Female","2","247.88998","8","3/19/2019","17:08","Debit card","10"
"326-78-5178","C","Member","Male","3","274.2","52","2/3/2019","10:19","Cash","5"
"162-48-8011","A","Member","Female","3","133.77","5","2/10/2019","15:10","Cash","10"
"616-24-2851","B","Member","Female","2","53.61","3","3/22/2019","14:42","Debit card","8"
"778-71-5554","C","Member","Male","2","46.29","1","1/25/2019","15:46","Credit card","7"
"242-55-6721","B","Normal","Male","5","48.48","1","3/7/2019","11:49","Debit card","8"
"399-46-5918","C","Normal","Female","1","257.94","8","2/28/2019","19:01","Cash","10"
"106-35-6779","A","Member","Male","5","133.02","1","3/27/2019","11:26","Cash","7"
"635-40-6220","A","Normal","Male","4","268.8","8","2/7/2019","11:28","Debit card","8"
"817-48-8732","A","Member","Female","5","217.04999","10","1/20/2019","15:55","Cash","7"
"120-06-4233","C","Normal","Male","1","91.83","4","3/12/2019","20:36","Cash","10"
"285-68-5083","C","Member","Female","6","74.22","12","2/15/2019","17:47","Credit card","10"
"803-83-5989","C","Normal","Male","5","167.19","15","2/24/2019","10:55","Debit card","4"
"347-34-2234","B","Member","Female","6","165.20999","36","2/3/2019","13:40","Debit card","10"
"199-75-8169","A","Member","Male","6","47.43","16","3/6/2019","12:27","Credit card","5"
"853-23-2453","B","Member","Male","4","227.22","4","2/14/2019","14:35","Cash","9"
"877-22-3308","A","Member","Male","4","47.61","8","3/13/2019","16:40","Cash","7"
"838-78-4295","C","Normal","Female","4","100.41","2","2/10/2019","15:43","Debit card","8"
"109-28-2512","B","Member","Female","2","292.83002","6","1/7/2019","15:01","Debit card","10"
"232-11-3025","A","Normal","Male","6","236.31","10","1/24/2019","10:04","Cash","8"
"382-03-4532","A","Member","Female","4","null","1","2/2/2019","18:50","Cash","5"
"393-65-2792","C","Normal","Male","3","268.44","10","1/6/2019","12:46","Credit card","10"
"796-12-2025","C","Normal","Male","2","186.36","10","2/11/2019","16:19","Cash","7"
"510-95-6347","B","Member","Female","3","145.56","2","3/5/2019","18:17","Debit card","5"
"841-35-6630","C","Normal","Female","1","227.73001","4","3/9/2019","18:21","Cash","10"
"287-21-9091","A","Normal","Male","5","224.01","9","1/22/2019","10:55","Debit card","10"
"732-94-0499","C","Normal","Female","1","124.950005","10","1/13/2019","17:04","Credit card","7"
"263-10-3913","C","Member","Male","2","147.12","9","1/9/2019","14:20","Credit card","10"
"381-20-0914","A","Member","Female","2","60.03","9","1/12/2019","15:48","Credit card","7"
"829-49-1914","C","Member","Female","3","234.93","8","3/5/2019","16:24","Debit card","8"
"756-01-7507","C","Normal","Female","4","61.14","5","1/22/2019","18:56","Cash","7"
"870-72-4431","C","Normal","Female","4","297.57","6","1/21/2019","14:42","Credit card","7"
"847-38-7188","B","Normal","Female","3","290.04","9","1/26/2019","19:56","Debit card","3"
"480-63-2856","C","Normal","Male","3","57.75","8","1/23/2019","18:37","Debit card","8"
"787-56-0757","C","Member","Female","3","241.08","4","2/23/2019","18:45","Credit card","10"
"360-39-5055","C","Member","Male","6","146.73","10","3/9/2019","10:17","Cash","3"
"730-50-9884","C","Normal","Female","6","249.18","5","3/5/2019","14:31","Debit card","5"
"362-58-8315","C","Normal","Male","2","229.56","10","3/25/2019","10:23","Cash","5"
"633-44-8566","A","Member","Male","3","148.14","84","3/27/2019","20:35","Credit card","9"
"504-35-8843","A","Normal","Male","6","null","1","1/2/2019","16:57","Cash","7"
"318-68-5053","B","Normal","Female","4","230.97","6","2/27/2019","17:55","Cash","7"
"565-80-5980","C","Member","Female","5","142.14","10","1/23/2019","10:25","Cash","4"
"225-32-0908","C","Normal","Female","6","134.58","10","1/26/2019","19:54","Debit card","10"
"873-51-0671","A","Member","Female","6","65.94","14","1/10/2019","16:42","Debit card","6"
"152-08-9985","B","Member","Male","4","193.08","21","3/12/2019","12:09","Credit card","5"
"512-91-0811","C","Normal","Male","4","269.25","1","2/6/2019","20:05","Credit card","8"
"594-34-4444","A","Normal","Male","1","291.48","0","3/8/2019","20:38","Debit card","9"
"766-85-7061","B","Normal","Male","4","263.61002","8","3/29/2019","10:25","Debit card","6"
"871-39-9221","C","Normal","Female","1","37.35","6","2/9/2019","13:11","Cash","5"
"865-92-6136","A","Normal","Male","3","158.25","2","3/23/2019","10:16","Debit card","10"
"733-01-9107","B","Normal","Male","5","248.09999","4","3/5/2019","18:14","Cash","9"
"163-56-7055","C","Member","Male","2","146.13","0","3/26/2019","19:20","Cash","5"
"189-98-2939","C","Normal","Male","2","235.65001","7","3/1/2019","13:22","Cash","9"
"551-21-3069","C","Normal","Female","1","69.21","9","2/1/2019","11:27","Cash","6"
"212-62-1842","A","Normal","Male","3","174.78","4","3/28/2019","16:44","Cash","10"
"716-39-1409","B","Normal","Male","4","91.05","5","3/19/2019","18:19","Cash","10"
"704-48-3927","A","Member","Male","1","266.01","10","1/12/2019","14:50","Debit card","9"
"628-34-3388","C","Normal","Male","2","82.14","6","1/5/2019","20:54","Credit card","10"
"630-74-5166","A","Normal","Male","6","186.39","4","3/22/2019","20:19","Cash","9"
"588-01-7461","C","Normal","Female","3","101.94","18","3/24/2019","10:43","Cash","2"
"861-77-0145","C","Member","Male","1","245.91","8","3/3/2019","14:30","Cash","10"
"479-26-8945","B","Member","Female","6","49.47","8","2/5/2019","11:32","Debit card","5"
"210-67-5886","C","Member","Female","4","294.63","7","2/5/2019","10:41","Credit card","4"
"227-78-1148","B","Normal","Female","2","218.51999","21","2/15/2019","12:44","Cash","5"
"645-44-1170","A","Member","Male","5","174.20999","9","1/19/2019","20:07","Debit card","5"
"237-01-6122","C","Member","Female","5","242.37","9","2/1/2019","20:31","Credit card","10"
"225-98-1496","C","Normal","Female","2","null","2","3/2/2019","13:01","Credit card","9"
"291-32-1427","B","Member","Male","2","65.82","12","3/5/2019","12:29","Debit card","3"
"659-65-8956","B","Member","Male","2","154.08","1","1/16/2019","15:26","Debit card","6"
"642-32-2990","A","Normal","Female","3","null","10","2/2/2019","20:48","Debit card","7"
"378-24-2715","B","Normal","Male","5","160.31999","2","1/20/2019","20:38","Debit card","5"
"638-60-7125","A","Normal","Female","1","298.68","8","2/14/2019","17:03","Credit card","6"
"659-36-1684","C","Member","Male","6","171.36","7","1/12/2019","12:02","Credit card","8"
"219-22-9386","B","Member","Male","6","299.88","7","3/9/2019","17:26","Credit card","5"
"336-78-2147","C","Member","Male","5","191.73","6","3/13/2019","19:52","Credit card","5"
"268-27-6179","B","Member","Female","2","169.41","6","3/9/2019","14:57","Debit card","9"
"668-90-8900","A","Normal","Female","5","281.07","5","3/10/2019","18:44","Credit card","5"
"870-54-3162","A","Normal","Female","6","96.75","5","1/27/2019","13:26","Cash","10"
"189-08-9157","C","Normal","Female","2","95.19","9","1/8/2019","16:17","Credit card","7"
"663-86-9076","C","Member","Female","3","205.62","8","1/8/2019","15:57","Debit card","10"
"549-84-7482","B","Normal","Female","6","270.84","9","2/8/2019","11:15","Debit card","9"
"191-10-6171","B","Normal","Female","2","118.86","7","1/25/2019","13:18","Cash","9"
"802-70-5316","A","Member","Female","6","276.38998","36","3/6/2019","20:34","Cash","10"
"695-51-0018","B","Normal","Female","6","104.520004","4","2/10/2019","18:36","Cash","9"
"590-83-4591","B","Member","Male","1","262.34998","6","2/17/2019","14:40","Credit card","10"
"483-71-1164","C","Normal","Female","4","243.90001","4","3/8/2019","16:43","Debit card","6"
"597-78-7908","C","Normal","Male","2","270.66","3","2/18/2019","19:39","Cash","8"
"700-81-1757","A","Normal","Female","1","78.93","5","1/18/2019","20:59","Credit card","10"
"354-39-5160","A","Member","Female","5","103.259995","6","2/18/2019","15:39","Cash","10"
"241-72-9525","B","Normal","Male","6","155.73","30","2/16/2019","12:21","Cash","4"
"575-30-8091","A","Normal","Male","6","217.5","12","3/16/2019","19:25","Debit card","5"
"731-81-9469","C","Member","Female","6","269.40002","20","1/23/2019","13:00","Credit card","7"
"280-17-4359","C","Member","Male","4","271.5","10","1/25/2019","13:48","Cash","10"
"338-65-2210","C","Member","Female","4","205.79999","10","2/5/2019","19:57","Cash","10"
"488-25-4221","C","Member","Female","3","91.229996","2","2/22/2019","10:36","Credit card","5"
"239-10-7476","A","Normal","Female","5","233.84999","6","1/21/2019","16:37","Debit card","10"
"458-41-1477","C","Normal","Female","4","138.78","4","3/8/2019","17:11","Credit card","10"
"685-64-1609","A","Member","Female","2","90.42","20","2/10/2019","12:28","Debit card","5"
"568-90-5112","C","Normal","Male","4","198.42","3","3/19/2019","12:46","Credit card","7"
"262-47-2794","B","Member","Male","5","215.58","6","3/6/2019","15:07","Credit card","8"
"238-49-0436","A","Normal","Male","4","97.38","6","3/27/2019","13:48","Credit card","6"
"608-96-3517","B","Member","Female","2","274.62","9","3/23/2019","19:20","Credit card","2"
"584-86-7256","C","Member","Male","6","103.68001","5","3/11/2019","16:07","Credit card","9"
"746-94-0204","A","Normal","Male","2","249.72","9","1/29/2019","11:56","Credit card","9"
"214-17-6927","C","Normal","Female","3","49.44","6","2/7/2019","18:23","Debit card","10"
"400-89-4171","C","Normal","Female","6","242.91","8","1/28/2019","13:05","Cash","10"
"782-95-9291","A","Member","Male","3","276.87","15","2/20/2019","15:55","Credit card","10"
"279-74-2924","B","Member","Male","1","216.51","3","1/4/2019","19:40","Cash","3"
"307-85-2293","B","Normal","Male","5","150.84","4","3/7/2019","13:58","Debit card","10"
"743-04-1105","B","Member","Male","4","291.66","7","3/30/2019","14:43","Debit card","7"
"423-57-2993","B","Normal","Male","6","280.16998","14","3/27/2019","19:18","Debit card","6"
"894-41-5205","C","Normal","Female","3","129.54001","8","1/19/2019","19:39","Credit card","10"
"275-28-0149","A","Normal","Male","6","191.06999","1","2/25/2019","16:21","Cash","7"
"101-17-6199","A","Normal","Male","3","137.37","11","3/13/2019","19:44","Credit card","4"
"423-80-0988","C","Normal","Male","6","229.20001","2","1/30/2019","19:42","Debit card","8"
"548-46-9322","B","Normal","Male","3","119.700005","10","2/20/2019","15:24","Credit card","7"
"505-02-0892","B","Member","Male","4","127.71","8","2/25/2019","14:12","Debit card","7"
"234-65-2137","C","Normal","Male","5","286.74","10","1/16/2019","13:32","Cash","6"
"687-47-8271","A","Normal","Male","2","296.94","10","2/8/2019","16:20","Credit card","10"
"796-32-9050","A","Normal","Male","3","153.84","6","1/19/2019","16:31","Cash","8"
"105-31-1824","A","Member","Male","6","208.56","7","2/1/2019","15:10","Credit card","10"
"249-42-3782","A","Normal","Male","4","210.03","5","1/3/2019","11:36","Debit card","7"
"316-55-4634","B","Member","Male","3","240.15001","22","1/26/2019","12:45","Credit card","5"
"733-33-4967","C","Normal","Male","1","62.550003","6","3/3/2019","19:17","Cash","8"
"608-27-6295","B","Member","Male","1","158.67","6","1/19/2019","17:34","Credit card","10"
"414-12-7047","B","Normal","Male","3","59.370003","24","1/18/2019","12:04","Debit card","5"
"827-26-2100","A","Member","Male","5","101.520004","7","3/21/2019","16:21","Debit card","10"
"175-54-2529","A","Member","Male","3","66.51","96","3/3/2019","17:01","Credit card","10"
"139-52-2867","C","Normal","Female","2","67.53","17","2/13/2019","10:50","Credit card","2"
"407-63-8975","A","Normal","Male","3","221.63998","9","3/23/2019","19:16","Debit card","2"
"342-65-4817","C","Member","Male","4","260.40002","3","1/28/2019","16:47","Debit card","10"
"130-98-8941","C","Normal","Male","2","192.78","17","2/9/2019","10:00","Cash","3"
"434-83-9547","C","Member","Male","3","115.41","12","1/23/2019","11:51","Cash","10"
"851-28-6367","A","Member","Male","6","46.5","8","3/23/2019","10:55","Debit card","10"
"824-88-3614","C","Normal","Male","4","102.93001","8","1/25/2019","15:00","Debit card","7"
"586-25-0848","A","Normal","Female","6","37.02","5","3/4/2019","11:19","Credit card","8"
"895-66-0685","B","Member","Male","3","54.239998","108","3/5/2019","19:46","Debit card","4"
"305-14-0245","B","Member","Female","5","283.47","19","3/3/2019","19:00","Debit card","4"
"732-04-5373","B","Member","Male","5","139.41","4","2/8/2019","10:53","Cash","9"
"400-60-7251","A","Normal","Male","5","222.20999","2","2/10/2019","12:50","Debit card","5"
"593-65-1552","C","Normal","Female","5","209.43","4","1/28/2019","20:50","Credit card","7"
"284-34-9626","B","Normal","Female","5","231.12","3","2/11/2019","10:39","Credit card","9"
"437-58-8131","B","Normal","Female","2","220.56","2","1/15/2019","13:41","Debit card","5"
"286-43-6208","C","Normal","Female","3","263.40002","7","3/16/2019","19:08","Cash","10"
"641-43-2399","B","Normal","Male","5","76.649994","4","1/26/2019","20:23","Debit card","7"
"831-07-6050","A","Normal","Male","1","98.13","4","3/19/2019","11:30","Credit card","10"
"556-86-3144","C","Member","Female","2","222.87","1","1/13/2019","19:30","Cash","6"
"848-24-9445","C","Member","Male","4","131.1","1","3/26/2019","18:03","Cash","6"
"856-22-8149","A","Normal","Female","5","75.87","0","3/23/2019","10:13","Debit card","7"
"699-01-4164","C","Normal","Male","4","124.5","3","3/12/2019","19:58","Credit card","10"
"420-11-4919","C","Member","Female","3","214.17","5","2/17/2019","19:57","Credit card","7"
"606-80-4905","C","Member","Female","6","57.449997","30","1/29/2019","10:01","Credit card","4"
"542-41-0513","B","Member","Female","1","172.47","3","3/15/2019","11:57","Cash","8"
"426-39-2418","C","Normal","Male","1","184.23","17","1/14/2019","10:02","Cash","5"
"875-46-5808","B","Member","Male","4","77.7","10","2/6/2019","14:51","Debit card","10"
"394-43-4238","B","Member","Male","5","53.31","15","2/15/2019","12:42","Credit card","3"
"749-24-1565","A","Normal","Female","4","69.090004","18","1/3/2019","12:02","Debit card","4"
"672-51-8681","C","Member","Female","1","199.95001","9","1/4/2019","18:19","Credit card","10"
"263-87-5680","C","Member","Female","5","85.590004","8","3/18/2019","17:38","Debit card","10"
"573-58-9734","B","Normal","Female","2","91.11","2","3/28/2019","13:41","Debit card","6"
"817-69-8206","B","Normal","Female","1","null","21","3/2/2019","19:42","Credit card","3"
"888-02-0338","A","Normal","Male","1","78.69","9","1/25/2019","20:24","Debit card","7"
"677-11-0152","C","Normal","Female","3","279.78","9","1/16/2019","18:08","Cash","10"
"142-63-6033","B","Normal","Male","5","277.08002","12","3/20/2019","19:17","Debit card","2"
"656-16-1063","B","Normal","Male","6","139.26","3","1/4/2019","13:24","Credit card","5"
"891-58-8335","B","Member","Female","6","88.83","42","3/11/2019","15:53","Cash","8"
"802-43-8934","A","Normal","Male","5","54.840004","0","3/22/2019","15:05","Credit card","10"
"560-30-5617","B","Normal","Female","6","74.31","4","3/24/2019","18:27","Cash","10"
"319-74-2561","A","Member","Female","1","283.91998","3","2/21/2019","16:55","Cash","7"
"549-03-9315","B","Normal","Male","2","284.61002","24","2/12/2019","12:58","Debit card","5"
"790-29-1172","B","Normal","Female","3","172.02","2","3/10/2019","18:59","Credit card","10"
"239-36-3640","B","Normal","Male","1","136.04999","6","1/31/2019","13:44","Debit card","7"
"468-01-2051","B","Normal","Male","3","186.24","5","3/6/2019","13:46","Debit card","7"
"389-25-3394","C","Normal","Male","1","35.43","5","2/17/2019","18:06","Cash","10"
"279-62-1445","C","Member","Female","2","37.62","1","2/21/2019","12:38","Cash","10"
"213-72-6612","A","Normal","Male","3","129.75","1","3/20/2019","15:56","Cash","8"
"746-68-6593","C","Member","Female","6","261.48","4","1/11/2019","14:29","Credit card","10"
"836-82-5858","B","Member","Male","4","208.11002","27","1/26/2019","19:14","Debit card","2"
"583-72-1480","C","Member","Male","1","111.18001","4","1/31/2019","16:24","Debit card","10"
"466-61-5506","B","Member","Female","1","272.09998","6","2/26/2019","10:52","Cash","6"
"721-86-6247","A","Normal","Female","5","190.26","12","3/11/2019","12:55","Debit card","4"
"289-65-5721","B","Normal","Female","2","244.11002","6","1/26/2019","19:28","Cash","3"
"545-46-3100","B","Member","Female","1","31.77","2","3/12/2019","13:52","Credit card","10"
"418-02-5978","B","Normal","Female","4","252.26999","9","2/11/2019","10:54","Cash","10"
"269-04-5750","B","Member","Male","2","221.45999","4","2/21/2019","18:31","Cash","8"
"157-13-5295","A","Member","Male","4","155.81999","8","3/9/2019","18:24","Debit card","8"
"645-78-8093","A","Normal","Female","6","279.41998","2","1/20/2019","18:09","Debit card","5"
"211-30-9270","C","Normal","Male","4","52.23","5","1/28/2019","15:16","Credit card","6"
"755-12-3214","C","Member","Female","2","132.66","4","3/5/2019","17:07","Credit card","10"
"346-84-3103","B","Member","Female","1","null","12","3/2/2019","19:26","Cash","2"
"478-06-7835","A","Normal","Male","2","269.07","1","1/11/2019","11:20","Debit card","6"
"540-11-4336","A","Normal","Male","3","74.82","9","1/11/2019","16:49","Credit card","7"
"448-81-5016","A","Normal","Male","4","179.31","3","3/11/2019","12:01","Credit card","3"
"142-72-4741","C","Member","Male","2","279.59998","2","2/28/2019","18:37","Credit card","7"
"217-58-1179","A","Member","Male","5","187.95001","4","1/5/2019","11:25","Cash","5"
"376-02-8238","B","Normal","Male","5","null","8","2/2/2019","18:42","Credit card","10"
"530-90-9855","A","Member","Male","5","142.77","8","1/1/2019","14:47","Cash","7"
"866-05-7563","B","Member","Female","1","244.20001","9","2/9/2019","19:43","Cash","2"
"604-70-6476","A","Member","Male","2","53.82","5","1/23/2019","14:04","Debit card","8"
"799-71-1548","A","Member","Male","1","233.16","4","1/7/2019","16:11","Credit card","10"
"785-13-7708","B","Normal","Male","3","219.18","21","1/14/2019","19:06","Credit card","2"
"845-51-0542","B","Member","Male","3","null","27","2/2/2019","15:34","Debit card","8"
"662-47-5456","C","Member","Male","2","105.56999","8","3/17/2019","19:06","Credit card","10"
"883-17-4236","C","Normal","Female","6","null","1","3/2/2019","19:44","Credit card","9"
"290-68-2984","A","Normal","Male","5","71.25","3","3/16/2019","11:22","Cash","6"
"704-11-6354","A","Member","Male","5","176.70001","8","1/6/2019","11:23","Cash","10"
"110-48-7033","B","Member","Male","2","97.86","4","1/29/2019","14:12","Cash","10"
"366-93-0948","A","Member","Male","1","199.04999","1","1/31/2019","10:46","Credit card","10"
"729-09-9681","A","Member","Male","5","77.729996","6","2/5/2019","10:16","Debit card","10"
"151-16-1484","A","Member","Male","1","96.75","8","2/13/2019","12:38","Debit card","3"
"380-94-4661","C","Member","Male","1","197.82","4","2/7/2019","13:05","Credit card","8"
"850-41-9669","A","Normal","Female","1","225.18","7","3/19/2019","13:25","Debit card","8"
"821-07-3596","C","Normal","Female","2","49.350002","3","3/7/2019","14:53","Debit card","7"
"655-85-5130","B","Member","Female","2","114.899994","9","3/13/2019","19:22","Cash","3"
"447-15-7839","A","Member","Female","6","66.72","40","2/9/2019","11:00","Cash","5"
"154-74-7179","B","Normal","Male","6","163.35","3","2/26/2019","19:24","Debit card","4"
"253-12-6086","A","Member","Female","6","295.2","84","3/12/2019","12:43","Credit card","5"
"808-65-0703","C","Normal","Male","5","106.41","3","3/14/2019","17:22","Credit card","8"
"571-94-0759","B","Member","Female","3","223.79999","10","1/8/2019","20:55","Cash","10"
"144-51-6085","A","Member","Male","5","212.22","4","1/5/2019","16:05","Credit card","5"
"731-14-2199","A","Member","Female","5","106.62","10","1/4/2019","13:34","Debit card","9"
"783-09-1637","B","Normal","Female","6","202.29001","4","3/6/2019","18:13","Debit card","8"
"687-15-1097","C","Member","Female","4","63.36","2","1/3/2019","19:17","Cash","10"
"126-54-1082","A","Member","Female","5","64.62","9","1/7/2019","11:44","Credit card","10"
"633-91-1052","A","Normal","Female","5","36.09","2","1/27/2019","15:51","Cash","6"
"477-24-6490","B","Normal","Female","4","299.13","6","2/26/2019","16:52","Debit card","10"
"566-19-5475","B","Normal","Male","2","143.91","7","1/7/2019","20:52","Cash","8"
"526-86-8552","C","Member","Female","5","65.46","10","1/7/2019","17:36","Cash","9"
"376-56-3573","C","Normal","Female","2","null","4","2/2/2019","13:23","Debit card","8"
"537-72-0426","C","Member","Male","2","212.97","8","3/20/2019","16:28","Cash","7"
"828-61-5674","A","Member","Male","6","132.06","16","3/20/2019","19:57","Credit card","5"
"136-08-6195","A","Normal","Female","5","209.88","8","2/15/2019","17:01","Credit card","8"
"523-38-0215","C","Normal","Male","5","111","0","3/6/2019","13:29","Credit card","10"
"490-29-1201","A","Normal","Female","6","46.02","1","1/6/2019","11:09","Cash","8"
"667-92-0055","A","Member","Male","4","299.49","4","3/4/2019","15:02","Debit card","10"
"565-17-3836","A","Member","Female","4","143.01","3","3/12/2019","14:21","Cash","10"
"498-41-1961","B","Normal","Male","4","200.04001","5","2/20/2019","18:01","Cash","9"
"593-95-4461","C","Member","Male","5","224.58","0","3/24/2019","14:49","Cash","8"
"226-71-3580","C","Normal","Female","6","71.25","9","1/31/2019","12:02","Cash","10"
"283-79-9594","B","Normal","Female","3","145.53","7","1/25/2019","13:30","Credit card","6"
"430-60-3493","A","Member","Female","5","284.63998","7","2/3/2019","14:38","Cash","5"
"139-20-0155","B","Member","Male","1","120.899994","10","1/24/2019","17:37","Credit card","9"
"558-80-4082","C","Normal","Male","1","83.55","5","3/14/2019","17:20","Debit card","7"
"278-97-7759","A","Member","Female","1","187.44","1","2/18/2019","20:29","Cash","6"
"316-68-6352","A","Member","Female","3","109.08","2","1/21/2019","10:00","Cash","9"
"585-03-5943","B","Normal","Male","4","54.33","8","3/13/2019","11:46","Debit card","7"
"211-05-0490","C","Member","Female","1","155.76","4","3/3/2019","13:42","Cash","9"
"727-75-6477","C","Normal","Male","1","86.520004","3","3/29/2019","14:44","Cash","8"
"744-02-5987","A","Member","Male","5","235.13998","6","1/10/2019","14:16","Debit card","7"
"307-83-9164","A","Member","Male","5","180.03","4","1/25/2019","15:54","Cash","5"
"779-06-0012","C","Member","Female","5","265.83002","2","1/19/2019","10:21","Cash","4"
"446-47-6729","C","Normal","Male","2","null","2","1/2/2019","18:09","Credit card","8"
"573-10-3877","B","Member","Male","4","117.03","0","3/12/2019","16:46","Credit card","6"
"735-06-4124","C","Normal","Male","3","145.83","1","2/25/2019","15:31","Cash","5"
"439-54-7422","A","Normal","Female","1","153.56999","3","3/18/2019","17:15","Credit card","6"
"396-90-2219","B","Normal","Female","1","44.88","24","2/23/2019","12:29","Cash","5"
"411-77-0180","A","Member","Male","1","216.59999","5","3/26/2019","20:14","Debit card","5"
"286-01-5402","A","Normal","Female","6","120.69","5","3/30/2019","13:22","Cash","10"
"803-17-8013","A","Member","Female","5","266.37","8","2/17/2019","17:09","Cash","5"
"512-98-1403","A","Member","Female","1","79.44","2","3/21/2019","10:40","Debit card","6"
"848-42-2560","A","Normal","Female","2","245.73001","1","3/5/2019","17:43","Cash","10"
"532-59-7201","B","Member","Male","6","239.79001","6","1/31/2019","14:04","Cash","7"
"181-94-6432","C","Member","Male","2","207.99","2","2/5/2019","19:05","Debit card","10"
"870-76-1733","A","Member","Female","3","42.69","5","2/1/2019","10:08","Credit card","5"
"423-64-4619","A","Member","Female","4","46.65","7","3/7/2019","13:12","Cash","6"
"227-07-4446","C","Member","Female","1","234.38998","10","2/10/2019","20:51","Cash","5"
"174-36-3675","C","Member","Male","3","298.11002","6","2/14/2019","17:29","Cash","6"
"428-83-5800","C","Member","Female","3","63.239998","7","2/9/2019","10:25","Cash","4"
"603-07-0961","C","Member","Male","1","224.37","5","1/10/2019","11:34","Cash","6"
"704-20-4138","C","Member","Female","4","89.01","5","3/11/2019","18:58","Credit card","10"
"787-15-1757","C","Member","Male","4","132.20999","4","2/18/2019","16:28","Debit card","10"
"649-11-3678","C","Normal","Female","3","68.79","9","2/26/2019","20:26","Cash","7"
"622-20-1945","C","Normal","Female","4","118.259995","1","1/18/2019","15:08","Cash","10"
"372-94-8041","A","Normal","Male","4","45.78","6","2/15/2019","18:03","Debit card","10"
"563-91-7120","A","Normal","Female","2","185.31","4","3/8/2019","13:21","Cash","8"
"746-54-5508","A","Normal","Male","5","64.56","12","1/17/2019","12:48","Credit card","5"
"276-54-0879","B","Normal","Male","6","293.22","9","3/12/2019","19:53","Debit card","3"
"815-11-1168","A","Member","Male","3","299.34","120","3/9/2019","19:09","Cash","3"
"719-76-3868","C","Member","Male","3","282.78","48","3/12/2019","16:30","Cash","10"
"730-61-8757","B","Member","Male","4","153.39","4","1/25/2019","10:11","Credit card","5"
"340-66-0321","A","Member","Male","1","109.08","3","3/25/2019","13:07","Cash","9"
"868-81-1752","B","Normal","Male","5","66.06","9","2/7/2019","18:48","Cash","8"
"634-97-8956","A","Normal","Male","3","98.700005","3","2/17/2019","17:27","Credit card","10"
"566-71-1091","A","Normal","Male","2","231.06","5","2/3/2019","15:59","Cash","7"
"442-48-3607","A","Member","Male","3","70.44","24","3/14/2019","11:21","Credit card","10"
"835-16-0096","C","Member","Male","6","44.1","4","3/24/2019","13:48","Debit card","10"
"527-09-6272","A","Member","Female","1","85.350006","4","3/21/2019","10:17","Credit card","10"
"898-04-2717","A","Normal","Male","2","229.20001","7","3/19/2019","15:49","Debit card","9"
"692-27-8933","B","Normal","Female","6","173.85","6","2/24/2019","13:02","Cash","6"
"633-09-3463","C","Normal","Female","1","142.95001","2","3/28/2019","12:58","Credit card","10"
"374-17-3652","B","Member","Female","3","128.45999","9","2/5/2019","15:26","Credit card","10"
"378-07-7001","B","Member","Male","1","144.27","3","2/10/2019","18:23","Credit card","10"
"433-75-6987","B","Member","Female","4","167.91","16","3/5/2019","19:06","Debit card","5"
"873-95-4984","B","Member","Female","4","230.70001","7","2/15/2019","20:21","Cash","10"
"416-13-5917","C","Normal","Female","3","291.09","5","1/30/2019","16:24","Debit card","10"
"150-89-8043","A","Normal","Male","6","133.95001","3","2/14/2019","15:04","Cash","8"
"135-84-8019","A","Normal","Female","2","233.79001","9","2/27/2019","16:10","Debit card","9"
"441-94-7118","A","Member","Male","1","215.84999","2","2/4/2019","12:14","Cash","4"
"725-96-3778","C","Member","Female","5","267.75","20","1/20/2019","10:13","Cash","2"
"531-80-1784","A","Normal","Male","1","78.06","5","3/28/2019","17:38","Cash","6"
"400-45-1220","B","Normal","Female","4","40.5","10","2/27/2019","11:06","Credit card","6"
"860-79-0874","C","Member","Female","2","297.90002","10","2/15/2019","14:53","Credit card","8"
"834-61-8124","A","Normal","Male","1","155.06999","7","1/26/2019","18:22","Cash","7"
"115-99-4379","B","Member","Female","2","164.19","16","3/14/2019","19:02","Credit card","5"
"565-67-6697","B","Member","Male","5","null","7","3/2/2019","14:16","Cash","6"
"320-49-6392","C","Normal","Female","1","90.72","0","3/4/2019","15:44","Cash","10"
"889-04-9723","B","Member","Female","3","267.41998","12","1/7/2019","12:20","Credit card","4"
"632-90-0281","C","Normal","Female","2","112.649994","8","3/8/2019","20:01","Credit card","10"
"554-42-2417","C","Normal","Female","6","286.32","10","1/9/2019","13:45","Cash","6"
"453-63-6187","B","Normal","Male","1","82.5","2","3/1/2019","15:40","Debit card","8"
"578-80-7669","B","Normal","Male","6","224.91","0","3/16/2019","16:58","Cash","7"
"612-36-5536","A","Member","Male","3","242.88","24","2/17/2019","11:12","Credit card","9"
"605-72-4132","C","Normal","Female","3","283.41","8","2/27/2019","15:12","Cash","10"
"471-41-2823","C","Normal","Male","3","299.37","1","3/7/2019","20:37","Debit card","10"
"462-67-9126","A","Normal","Male","5","219.66","6","1/21/2019","17:44","Cash","9"
"272-27-9238","C","Normal","Female","3","123.72","4","2/19/2019","16:23","Cash","9"
"834-25-9262","C","Normal","Female","2","245.04001","4","1/6/2019","12:12","Cash","10"
"122-61-9553","C","Normal","Female","1","153.95999","7","3/14/2019","19:33","Cash","7"
"468-88-0009","A","Member","Male","5","197.82","3","3/24/2019","10:29","Cash","7"
"613-59-9758","C","Normal","Female","6","43.079998","10","1/27/2019","14:28","Cash","7"
"254-31-0042","A","Member","Male","1","64.5","14","3/6/2019","12:46","Credit card","4"
"201-86-2184","B","Member","Female","1","null","21","2/2/2019","19:40","Cash","5"
"261-12-8671","B","Normal","Female","2","182.88","6","1/25/2019","19:39","Credit card","2"
"730-70-9830","C","Normal","Female","5","210.33","4","3/14/2019","17:54","Debit card","6"
"382-25-8917","C","Normal","Male","2","126.240005","6","1/29/2019","12:25","Cash","10"
"422-29-8786","A","Normal","Female","5","201.26999","5","1/3/2019","16:47","Credit card","10"
"667-23-5919","A","Member","Female","2","290.09998","10","1/14/2019","12:52","Debit card","4"
"843-01-4703","B","Member","Female","5","106.14","27","1/5/2019","19:50","Credit card","5"
"743-88-1662","C","Normal","Male","6","286.47","7","2/22/2019","18:17","Debit card","10"
"595-86-2894","C","Member","Male","2","290.94","4","2/6/2019","17:20","Debit card","10"
"182-69-8360","B","Normal","Female","1","70.95","4","1/30/2019","13:32","Credit card","5"
"289-15-7034","A","Member","Male","6","246.99","4","1/11/2019","10:37","Credit card","9"
"462-78-5240","C","Normal","Female","1","79.83","1","3/19/2019","14:35","Cash","5"
"868-52-7573","B","Normal","Female","3","299.07","15","1/14/2019","12:09","Cash","5"
"153-58-4872","C","Member","Female","3","224.67","3","3/1/2019","15:32","Debit card","5"
"662-72-2873","A","Normal","Female","3","122.81999","5","1/6/2019","13:58","Debit card","10"
"525-88-7307","B","Member","Male","6","227.45999","1","1/31/2019","13:19","Cash","7"
"689-16-9784","C","Normal","Male","3","140.31","4","3/11/2019","13:37","Cash","7"
"725-56-0833","A","Normal","Female","4","96.96","10","2/20/2019","16:49","Credit card","10"
"394-41-0748","C","Member","Female","2","162.20999","9","1/27/2019","14:55","Debit card","10"
"596-42-3999","B","Normal","Male","3","54.659996","5","3/10/2019","14:04","Credit card","8"
"541-89-9860","C","Member","Female","2","241.44","3","2/15/2019","12:31","Cash","10"
"173-82-9529","B","Normal","Female","2","113.850006","10","1/26/2019","14:51","Cash","10"
"563-36-9814","A","Member","Male","1","230.45999","1","2/13/2019","18:27","Debit card","9"
"308-47-4913","A","Member","Female","6","156.78","120","3/9/2019","12:45","Credit card","3"
"885-17-6250","A","Normal","Female","4","239.22","0","3/6/2019","10:36","Debit card","9"
"726-27-2396","A","Normal","Female","4","232.5","5","1/24/2019","20:36","Debit card","5"
"316-01-3952","A","Normal","Female","3","162.81","4","3/13/2019","14:16","Debit card","5"
"760-54-1821","B","Normal","Male","5","40.77","7","3/15/2019","10:26","Cash","7"
"793-10-3222","B","Member","Female","4","123.18001","4","3/5/2019","13:30","Credit card","10"
"346-12-3257","B","Member","Male","1","57.72","7","3/4/2019","16:28","Cash","10"
"110-05-6330","C","Normal","Female","3","118.29","4","3/25/2019","20:18","Credit card","10"
"651-61-0874","C","Normal","Male","5","138.66","3","3/12/2019","20:04","Credit card","8"
"236-86-3015","C","Member","Male","5","41.94","1","2/4/2019","13:38","Debit card","10"
"831-64-0259","B","Normal","Female","2","119.25","5","2/22/2019","10:43","Debit card","10"
"587-03-7455","C","Member","Female","2","293.37","7","2/16/2019","17:30","Debit card","6"
"882-40-4577","A","Member","Male","6","201.78","4","1/19/2019","15:28","Credit card","10"
"732-67-5346","A","Normal","Male","3","41.37","10","1/11/2019","19:07","Credit card","4"
"725-32-9708","B","Member","Female","2","206.13","12","1/4/2019","19:01","Cash","2"
"256-08-8343","A","Normal","Female","5","169.59","6","3/4/2019","19:48","Debit card","3"
"372-26-1506","C","Normal","Female","2","71.46","5","1/28/2019","19:24","Debit card","7"
"244-08-0162","B","Normal","Female","4","null","10","1/2/2019","13:00","Cash","6"
"569-71-4390","B","Normal","Male","6","65.61","2","1/25/2019","14:29","Debit card","8"
"132-23-6451","A","Member","Male","4","62.909996","5","1/4/2019","13:21","Cash","10"
"696-90-2548","A","Normal","Male","6","77.520004","2","3/10/2019","18:55","Debit card","8"
"472-15-9636","A","Normal","Male","5","152.79001","12","3/22/2019","19:36","Debit card","5"
"268-03-6164","B","Normal","Male","4","288.33002","1","1/25/2019","16:28","Debit card","10"
"750-57-9686","C","Normal","Female","5","136.14","4","1/8/2019","13:48","Credit card","10"
"186-09-3669","C","Member","Female","4","244.53","2","1/22/2019","10:57","Debit card","5"
"848-07-1692","B","Normal","Female","4","171.66","2","1/12/2019","17:13","Debit card","10"
"745-71-3520","A","Member","Female","1","75.659996","7","2/4/2019","10:23","Cash","10"
"266-76-6436","C","Member","Female","3","115.799995","2","3/28/2019","13:57","Debit card","9"
"740-22-2500","C","Normal","Female","1","252.15001","3","1/23/2019","13:29","Cash","10"
"271-88-8734","C","Member","Female","2","291.63","10","2/8/2019","13:00","Credit card","10"
"301-81-8610","B","Member","Male","2","76.26","19","3/19/2019","19:42","Credit card","4"
"489-64-4354","C","Normal","Male","2","48.840004","0","3/9/2019","15:36","Cash","6"
"198-84-7132","B","Member","Male","2","null","9","1/2/2019","13:40","Cash","9"
"269-10-8440","A","Member","Male","4","159.51","7","1/21/2019","18:01","Cash","10"
"650-98-6268","B","Member","Female","3","62.61","2","3/20/2019","13:53","Credit card","10"
"741-73-3559","B","Normal","Male","6","201.81","5","2/27/2019","17:27","Cash","8"
"325-77-6186","A","Member","Female","5","271.95","8","3/8/2019","10:53","Debit card","9"
"286-75-7818","B","Normal","Male","2","207.24","6","1/31/2019","19:48","Credit card","4"
"574-57-9721","C","Normal","Male","3","129.81","1","3/8/2019","16:53","Debit card","7"
"459-50-7686","A","Normal","Female","1","70.38","12","1/13/2019","19:14","Debit card","3"
"616-87-0016","B","Normal","Male","2","286.62","5","3/9/2019","14:36","Credit card","10"
"837-55-7229","B","Normal","Female","2","142.31999","1","2/22/2019","18:19","Credit card","8"
"751-69-0068","C","Normal","Male","6","297.72","7","3/19/2019","19:09","Debit card","10"
"257-73-1380","C","Member","Male","6","248.79001","4","1/20/2019","16:51","Debit card","10"
"345-08-4992","A","Normal","Male","5","101.97","4","3/8/2019","15:37","Credit card","10"
"549-96-4200","C","Member","Male","3","51.120003","48","3/8/2019","20:15","Debit card","9"
"810-60-6344","C","Normal","Female","1","122.58","8","2/7/2019","14:38","Credit card","8"
"450-28-2866","C","Member","Male","3","52.32","7","1/15/2019","19:25","Cash","10"
"394-30-3170","B","Member","Female","6","265.29","144","3/22/2019","19:35","Credit card","2"
"138-17-5109","A","Member","Female","5","267.63","9","1/15/2019","15:42","Credit card","8"
"192-98-7397","C","Normal","Male","2","38.34","1","1/8/2019","14:11","Debit card","10"
"301-11-9629","A","Normal","Female","6","57.300003","7","1/15/2019","10:43","Cash","10"
"390-80-5128","B","Member","Female","4","57.449997","1","1/28/2019","17:58","Credit card","10"
"235-46-8343","C","Member","Male","3","82.979996","30","2/14/2019","11:26","Credit card","10"
"453-12-7053","C","Normal","Male","2","137.22","2","3/10/2019","17:38","Credit card","8"
"296-11-7041","B","Member","Female","4","81.21","1","1/12/2019","20:07","Credit card","6"
"449-27-2918","B","Member","Female","6","117.36","6","3/26/2019","11:02","Credit card","10"
"891-01-7034","B","Normal","Female","1","224.13","18","1/1/2019","19:07","Cash","4"
"744-09-5786","B","Normal","Male","1","null","6","1/2/2019","18:50","Cash","9"
"727-17-0390","A","Normal","Female","3","190.83","8","3/16/2019","12:43","Debit card","2"
"568-88-3448","A","Normal","Male","4","75","0","3/3/2019","15:09","Debit card","7"
"187-83-5490","A","Member","Male","1","62.31","4","1/31/2019","13:47","Cash","6"
"767-54-1907","B","Member","Female","2","88.68","5","2/13/2019","16:59","Cash","8"
"710-46-4433","B","Member","Female","3","232.20001","9","2/15/2019","14:15","Credit card","5"
"533-33-5337","B","Normal","Male","1","238.17","10","2/7/2019","20:24","Cash","8"
"325-90-8763","C","Member","Female","1","139.70999","10","1/27/2019","13:58","Cash","9"
"729-46-7422","C","Normal","Male","3","107.67","1","2/23/2019","16:52","Credit card","10"
"639-76-1242","C","Normal","Male","3","121.56","5","2/3/2019","15:19","Cash","5"
"234-03-4040","B","Member","Female","3","219.15001","24","3/3/2019","12:25","Credit card","5"
"326-71-2155","C","Normal","Female","6","221.84999","10","2/3/2019","10:02","Cash","3"
"320-32-8842","C","Member","Female","3","67.86","0","3/17/2019","18:58","Cash","8"
"470-32-9057","A","Member","Male","3","154.02","60","3/28/2019","15:31","Credit card","10"
"878-30-2331","C","Member","Female","6","null","60","3/2/2019","11:22","Credit card","9"
"440-59-5691","C","Member","Female","4","111.450005","7","2/8/2019","13:12","Credit card","10"
"554-53-3790","B","Normal","Male","6","111.06","4","3/22/2019","18:33","Cash","5"
"746-19-0921","C","Normal","Male","3","64.74","2","2/9/2019","10:02","Debit card","4"
"233-34-0817","C","Member","Female","1","296.52","1","2/15/2019","11:21","Cash","10"
"767-05-1286","C","Member","Female","5","251.31","6","1/23/2019","12:10","Debit card","7"
"340-21-9136","A","Member","Female","6","120.149994","8","1/25/2019","11:40","Cash","10"
"405-31-3305","A","Member","Male","2","null","10","2/2/2019","18:31","Credit card","7"
"731-59-7531","B","Member","Male","4","217.70999","6","3/30/2019","17:58","Cash","5"
"676-39-6028","A","Member","Female","1","193.32","4","3/30/2019","17:04","Cash","8"
"502-05-1910","A","Normal","Male","4","195.54001","3","2/25/2019","20:35","Credit card","8"
"485-30-8700","A","Normal","Female","6","99.78","4","3/18/2019","16:10","Credit card","5"
"598-47-9715","C","Normal","Male","1","252.20999","3","3/7/2019","16:54","Debit card","5"
"701-69-8742","B","Normal","Male","6","103.11","8","3/16/2019","10:11","Debit card","8"
"575-67-1508","A","Normal","Male","1","115.799995","1","1/29/2019","11:26","Debit card","8"
"541-08-3113","C","Normal","Male","3","null","8","2/2/2019","20:29","Cash","10"
"246-11-3901","C","Normal","Female","1","98.399994","10","2/15/2019","12:12","Cash","8"
"674-15-9296","A","Normal","Male","6","111.42","5","1/8/2019","13:05","Debit card","6"
"305-18-3552","B","Member","Male","5","181.14","10","2/12/2019","16:19","Cash","7"
"493-65-6248","C","Member","Female","6","110.94","20","1/1/2019","19:48","Credit card","9"
"438-01-4015","B","Member","Female","6","148.47","24","3/21/2019","15:25","Debit card","8"
"709-58-4068","B","Normal","Female","2","123.270004","10","2/28/2019","14:42","Cash","9"
"795-49-7276","A","Normal","Male","2","111.450005","3","3/23/2019","18:59","Debit card","10"
"556-72-8512","C","Normal","Male","5","68.88","1","1/30/2019","20:47","Cash","5"
"627-95-3243","B","Member","Female","5","233.04001","9","2/4/2019","13:21","Debit card","10"
"686-41-0932","B","Normal","Female","2","104.100006","4","3/13/2019","19:48","Debit card","4"
"510-09-5628","A","Member","Female","2","58.98","8","3/15/2019","18:20","Credit card","9"
"608-04-3797","B","Member","Female","4","75.96","6","3/5/2019","20:24","Debit card","10"
"148-82-2527","C","Member","Female","5","36.36","8","3/5/2019","13:44","Credit card","10"
"437-53-3084","B","Normal","Male","2","299.66998","2","2/26/2019","11:48","Debit card","9"
"632-32-4574","B","Normal","Male","6","227.76","6","3/20/2019","14:14","Cash","7"
"556-97-7101","C","Normal","Female","1","189.66","2","1/1/2019","15:51","Cash","10"
"862-59-8517","C","Normal","Female","3","270.72","6","1/27/2019","11:17","Cash","8"
"401-18-8016","B","Member","Female","6","294.38998","2","1/21/2019","17:36","Cash","10"
"420-18-8989","A","Member","Female","6","null","32","2/2/2019","15:47","Cash","10"
"277-63-2961","B","Member","Male","6","221.91","1","2/3/2019","15:53","Credit card","7"
"573-98-8548","C","Member","Female","2","95.7","1","1/5/2019","12:40","Debit card","10"
"620-02-2046","C","Normal","Male","5","208.20001","2","1/27/2019","19:48","Debit card","10"
"282-35-2475","B","Normal","Female","6","279.93","1","3/25/2019","17:53","Cash","8"
"511-54-3087","B","Normal","Male","6","265.34998","1","2/25/2019","16:36","Credit card","10"
"726-29-6793","A","Member","Male","1","72.54","8","1/28/2019","20:54","Debit card","10"
"387-49-4215","B","Member","Female","6","145.5","18","1/8/2019","12:50","Cash","4"
"862-17-9201","B","Normal","Female","3","252.15001","6","1/29/2019","10:48","Credit card","10"
"291-21-5991","B","Member","Male","4","183.87","4","3/29/2019","14:28","Cash","9"
"602-80-9671","C","Member","Female","5","47.85","6","2/9/2019","17:15","Credit card","6"
"347-72-6115","B","Member","Female","6","272.22","14","1/16/2019","18:03","Credit card","8"
"209-61-0206","A","Normal","Female","5","128.73","5","1/5/2019","17:29","Debit card","7"
"595-27-4851","A","Normal","Female","2","162.84","7","1/27/2019","18:05","Debit card","10"
"189-52-0236","A","Normal","Male","1","298.65002","11","3/14/2019","12:07","Cash","4"
"503-07-0930","C","Member","Male","6","175.17","7","2/23/2019","19:49","Credit card","10"
"413-20-6708","C","Member","Female","2","154.41","0","3/18/2019","15:52","Debit card","10"
"425-85-2085","B","Member","Male","4","164.58","4","3/29/2019","16:48","Debit card","10"
"521-18-7827","C","Member","Male","5","118.17","5","1/22/2019","20:46","Credit card","10"
"220-28-1851","A","Normal","Male","5","104.19","1","3/1/2019","18:14","Debit card","10"
"600-38-9738","C","Member","Male","6","215.76","5","1/17/2019","15:05","Credit card","5"
"734-91-1155","B","Normal","Female","1","137.13","2","3/26/2019","10:34","Credit card","10"
"451-28-5717","C","Member","Female","5","249.51","4","3/20/2019","11:23","Cash","9"
"609-81-8548","A","Member","Female","5","112.31999","6","2/6/2019","13:55","Credit card","7"
"133-14-7229","C","Normal","Male","4","188.61","2","1/1/2019","11:43","Cash","6"
"534-01-4457","A","Normal","Male","3","245.13","6","1/27/2019","14:36","Credit card","10"
"719-89-8991","A","Member","Female","6","274.23","20","2/25/2019","16:03","Debit card","9"
"286-62-6248","B","Normal","Male","2","117.63","4","1/16/2019","20:03","Credit card","10"
"339-38-9982","B","Member","Male","2","179.58","2","1/13/2019","14:55","Debit card","8"
"827-44-5872","B","Member","Female","3","163.08","10","2/7/2019","11:28","Credit card","7"
"827-77-7633","A","Normal","Male","6","294.27","18","2/17/2019","19:41","Cash","5"
"287-83-1405","A","Normal","Male","4","76.29","12","2/12/2019","19:01","Debit card","4"
"435-13-4908","A","Member","Male","2","260.04","8","1/24/2019","18:04","Credit card","9"
"857-67-9057","B","Normal","Male","1","68.850006","30","2/6/2019","19:20","Debit card","4"
"236-27-1144","C","Normal","Female","3","48.93","18","3/26/2019","10:31","Debit card","5"
"892-05-6689","A","Normal","Female","5","84.96","4","3/11/2019","13:28","Debit card","8"
"583-41-4548","C","Normal","Male","5","50.010002","7","2/7/2019","11:36","Debit card","9"
"339-12-4827","B","Member","Female","2","221.88","1","1/5/2019","11:32","Credit card","6"
"643-38-7867","A","Normal","Male","5","293.82","0","3/7/2019","11:44","Debit card","8"
"308-81-0538","A","Normal","Female","2","219.15001","4","2/25/2019","17:16","Credit card","6"
"358-88-9262","C","Member","Female","3","262.44","6","2/1/2019","18:43","Debit card","6"
"460-35-4390","A","Normal","Male","5","92.04","3","1/22/2019","11:00","Debit card","10"
"343-87-0864","C","Member","Male","4","227.63998","2","1/3/2019","10:30","Credit card","4"
"173-50-1108","B","Member","Female","6","60.54","48","2/13/2019","12:14","Credit card","3"
"243-47-2663","C","Member","Male","1","56.31","6","1/28/2019","16:43","Credit card","7"
"841-18-8232","B","Normal","Female","3","213.59999","1","1/5/2019","20:40","Credit card","10"
"701-23-5550","B","Member","Male","5","116.43001","3","3/19/2019","13:40","Debit card","6"
"647-50-1224","A","Normal","Female","2","88.26","10","1/12/2019","16:23","Debit card","10"
"541-48-8554","A","Normal","Male","6","182.85","18","1/7/2019","12:08","Credit card","3"
"539-21-7227","B","Normal","Female","6","154.62","5","1/26/2019","17:45","Cash","5"
"213-32-1216","A","Normal","Female","1","198.18","6","1/23/2019","10:28","Cash","9"
"747-58-7183","B","Normal","Male","2","171.81","3","2/9/2019","20:31","Debit card","8"
"582-52-8065","B","Normal","Female","2","162.93001","9","2/22/2019","10:49","Cash","10"
"210-57-1719","B","Normal","Female","4","174.72","27","2/5/2019","12:34","Cash","5"
"399-69-4630","C","Normal","Male","1","66.63","12","3/7/2019","10:23","Credit card","5"
"134-75-2619","A","Member","Male","1","57.96","5","3/25/2019","18:51","Cash","8"
"356-44-8813","B","Normal","Male","5","112.44","3","1/20/2019","13:45","Credit card","10"
"198-66-9832","B","Member","Female","2","216.12","6","2/4/2019","19:38","Cash","5"
"283-26-5248","C","Member","Female","3","295.56","10","1/30/2019","20:23","Debit card","5"
"712-39-0363","A","Member","Male","3","null","9","1/2/2019","15:24","Debit card","7"
"218-59-9410","A","Member","Female","5","217.26","2","3/29/2019","16:54","Debit card","10"
"174-75-0888","B","Normal","Male","1","64.74","21","3/14/2019","12:32","Cash","4"
"866-99-7614","C","Normal","Male","3","267.59998","10","2/11/2019","15:42","Credit card","5"
"134-54-4720","B","Normal","Female","1","127.259995","8","1/30/2019","13:58","Debit card","7"
"760-90-2357","A","Member","Male","1","223.53","4","3/20/2019","15:08","Debit card","6"
"514-37-2845","B","Normal","Male","2","297.75","1","3/20/2019","13:02","Cash","10"
"698-98-5964","A","Normal","Female","3","243.63","10","1/17/2019","13:01","Credit card","8"
"718-57-9773","C","Normal","Female","6","147.99","10","2/3/2019","16:40","Credit card","10"
"651-88-7328","A","Normal","Female","2","197.22","9","1/1/2019","13:55","Cash","10"
"241-11-2261","B","Normal","Female","2","239.58","7","1/10/2019","10:33","Credit card","7"
"408-26-9866","C","Normal","Female","6","null","5","3/2/2019","16:42","Debit card","5"
"834-83-1826","B","Member","Female","5","246.12","5","2/25/2019","17:16","Credit card","9"
"343-61-3544","B","Member","Male","6","80.01","10","1/29/2019","11:48","Cash","10"
"239-48-4278","A","Member","Male","3","30.39","168","3/10/2019","19:35","Debit card","4"
"355-34-6244","B","Normal","Male","3","217.17","6","1/13/2019","19:55","Credit card","4"
"550-84-8664","A","Normal","Male","6","257.73","4","3/22/2019","14:33","Credit card","10"
"339-96-8318","B","Member","Male","2","243.93","16","3/1/2019","19:49","Debit card","3"
"458-61-0011","B","Normal","Male","3","180.9","4","2/20/2019","18:43","Cash","7"
"592-34-6155","C","Normal","Male","3","95.31","4","1/14/2019","14:43","Debit card","8"
"797-88-0493","A","Normal","Female","4","192.81","3","3/26/2019","13:54","Cash","10"
"207-73-1363","B","Normal","Male","4","208.53","4","3/1/2019","12:15","Debit card","4"
"390-31-6381","C","Normal","Male","3","81.659996","3","1/7/2019","12:37","Cash","9"
"443-82-0585","A","Member","Female","4","233.04001","8","2/1/2019","19:54","Cash","5"
"339-18-7061","C","Member","Female","2","278.94","2","2/13/2019","15:06","Credit card","10"
"359-90-3665","B","Member","Female","2","54.239998","4","1/14/2019","18:03","Credit card","10"
"375-72-3056","B","Normal","Male","6","189.18001","3","1/19/2019","15:58","Debit card","9"
"127-47-6963","A","Normal","Male","4","155.13","3","3/9/2019","13:53","Credit card","10"
"278-86-2735","A","Normal","Female","3","157.02","2","3/27/2019","14:03","Cash","10"
"695-28-6250","A","Normal","Female","6","129.18001","5","2/4/2019","16:38","Debit card","10"
"379-17-6588","C","Normal","Male","2","178.83","8","3/14/2019","11:07","Cash","6"
"227-50-3718","A","Normal","Male","4","43.86","8","3/4/2019","12:23","Cash","2"
"302-15-2162","C","Member","Male","4","139.59","12","3/3/2019","10:54","Credit card","2"
"788-07-8452","C","Member","Female","5","72.72","7","1/27/2019","17:38","Debit card","10"
"560-49-6611","A","Member","Female","6","136.74","4","2/7/2019","14:13","Cash","10"
"880-35-0356","A","Member","Female","6","225.59999","12","2/5/2019","11:51","Debit card","6"
"585-11-6748","B","Member","Male","6","290.40002","2","3/15/2019","13:05","Cash","6"
"470-31-3286","B","Normal","Male","4","44.46","2","3/1/2019","11:30","Credit card","10"
"152-68-2907","A","Normal","Male","3","156.6","3","2/15/2019","13:30","Credit card","10"
"123-35-4896","C","Normal","Female","6","139.98","9","2/17/2019","19:11","Debit card","6"
"258-69-7810","C","Normal","Female","2","110.549995","5","1/26/2019","18:53","Cash","10"
"334-64-2006","A","Member","Female","5","210.95999","1","3/24/2019","14:22","Debit card","10"
"219-61-4139","C","Normal","Male","1","249.24","1","1/23/2019","17:16","Debit card","8"
"881-41-7302","C","Normal","Female","2","194.97","2","1/26/2019","10:06","Credit card","2"
"373-09-4567","C","Normal","Male","3","232.68","8","3/14/2019","20:35","Debit card","8"
"642-30-6693","B","Normal","Female","6","163.53","4","3/17/2019","13:54","Debit card","10"
"484-22-8230","C","Member","Female","2","155.67","7","1/8/2019","20:08","Cash","5"
"830-58-2383","B","Normal","Male","5","95.25","4","2/8/2019","15:26","Cash","10"
"559-98-9873","A","Member","Female","2","160.95001","14","2/10/2019","12:56","Debit card","3"
"544-32-5024","C","Member","Female","3","149.37","3","3/28/2019","19:16","Credit card","8"
"318-12-0304","A","Normal","Male","2","91.83","2","1/23/2019","12:20","Debit card","3"
"349-97-8902","B","Member","Male","3","173.67","3","1/17/2019","10:37","Debit card","10"
"421-95-9805","A","Normal","Female","1","86.88","1","2/7/2019","10:18","Credit card","8"
"277-35-5865","C","Member","Female","3","296.91","7","3/9/2019","11:23","Cash","8"
"789-23-8625","B","Member","Male","2","279.66","3","1/24/2019","11:45","Cash","9"
"284-54-4231","C","Member","Male","6","242.79001","1","1/19/2019","16:08","Credit card","10"
"443-59-0061","A","Member","Male","3","202.34999","30","2/3/2019","11:25","Debit card","5"
"509-29-3912","A","Member","Female","6","116.16","108","3/20/2019","12:24","Debit card","2"
"327-40-9673","B","Member","Male","6","217.79999","18","1/13/2019","19:51","Cash","4"
"840-19-2096","C","Member","Male","1","263.73","4","3/14/2019","18:10","Debit card","5"
"828-46-6863","A","Member","Male","3","295.59","9","1/23/2019","11:22","Credit card","5"
"641-96-3695","C","Member","Female","2","130.38","6","2/7/2019","17:55","Debit card","10"
"420-97-3340","A","Normal","Female","3","215.04001","2","3/28/2019","15:30","Credit card","10"
"436-54-4512","A","Member","Female","3","274.83002","1","3/20/2019","19:44","Cash","5"
"670-79-6321","B","Member","Female","5","283.77","7","1/17/2019","15:27","Credit card","6"
"852-62-7105","B","Normal","Female","2","249.75","10","1/12/2019","11:25","Credit card","5"
"598-06-7312","B","Member","Male","2","274.05","1","2/16/2019","15:42","Cash","8"
"135-13-8269","B","Member","Female","3","236.63998","2","1/26/2019","16:04","Cash","10"
"816-57-2053","A","Normal","Male","6","182.61","3","3/9/2019","12:37","Debit card","5"
"628-90-8624","B","Member","Male","4","247.74","8","3/14/2019","14:41","Cash","6"
"856-66-2701","A","Member","Male","5","159.9","3","1/25/2019","14:19","Debit card","9"
"308-39-1707","A","Normal","Female","2","36.27","1","1/26/2019","18:19","Credit card","10"
"149-61-1929","A","Normal","Male","6","192.57","10","1/19/2019","14:08","Credit card","8"
"655-07-2265","A","Normal","Male","1","234.93","2","3/5/2019","16:38","Debit card","7"
"589-02-8023","A","Member","Male","3","251.31","3","1/15/2019","10:54","Credit card","9"
"420-04-7590","B","Normal","Male","5","299.09998","2","3/18/2019","11:29","Debit card","6"
"182-88-2763","B","Member","Male","3","239.73001","108","3/20/2019","19:28","Credit card","3"
"188-55-0967","B","Member","Male","4","199.41","10","1/15/2019","15:01","Credit card","6"
"610-46-4100","A","Normal","Male","4","86.850006","5","3/3/2019","20:31","Credit card","7"
"318-81-2368","C","Normal","Female","1","138.6","0","3/19/2019","12:16","Cash","8"
"364-33-8584","B","Member","Female","3","52.89","4","3/8/2019","15:27","Cash","10"
"665-63-9737","B","Normal","Male","2","157.26","3","2/27/2019","17:36","Debit card","9"
"695-09-5146","B","Member","Female","3","296.37","3","2/23/2019","20:00","Debit card","8"
"155-45-3814","C","Member","Female","1","265.65002","6","3/19/2019","15:29","Debit card","6"
"794-32-2436","B","Member","Male","1","167.01","1","3/27/2019","15:08","Debit card","7"
"131-15-8856","C","Member","Female","3","217.56","6","3/30/2019","19:26","Credit card","5"
"273-84-2164","C","Member","Male","1","36.15","5","2/16/2019","15:53","Debit card","7"
"706-36-6154","A","Member","Male","5","58.08","9","1/18/2019","18:43","Debit card","10"
"778-89-7974","C","Normal","Male","4","210.63","4","3/30/2019","14:58","Cash","9"
"574-31-8277","B","Member","Male","2","100.89","2","3/20/2019","19:55","Cash","3"
"859-71-0933","C","Member","Female","6","46.47","4","1/16/2019","15:10","Cash","8"
"740-11-5257","C","Normal","Male","1","74.22","10","2/24/2019","16:44","Cash","9"
"369-82-2676","B","Normal","Male","1","226.98001","5","1/15/2019","18:22","Debit card","10"
"563-47-4072","B","Normal","Female","4","167.43001","6","1/22/2019","11:52","Cash","10"
"742-04-5161","A","Member","Male","5","218.34","10","2/3/2019","17:24","Cash","9"
"149-15-7606","B","Member","Male","6","111.96","7","3/6/2019","15:31","Debit card","6"
"133-77-3154","B","Member","Male","2","180.54001","4","2/16/2019","18:04","Credit card","10"
"169-52-4504","A","Normal","Female","1","47.07","2","3/14/2019","14:13","Credit card","7"
"250-81-7186","C","Normal","Female","1","299.07","2","2/27/2019","10:23","Credit card","4"
"562-12-5430","A","Member","Female","2","264.45","3","1/18/2019","10:11","Debit card","10"
"816-72-8853","A","Member","Female","6","83.79","10","1/29/2019","15:48","Cash","7"
"491-38-3499","A","Member","Male","2","166.35","1","2/26/2019","17:46","Credit card","6"
"322-02-2271","B","Normal","Female","6","128.91","3","2/3/2019","11:46","Cash","10"
"842-29-4695","C","Member","Male","6","51.42","7","1/16/2019","12:07","Credit card","10"
"725-67-2480","B","Member","Female","2","176.25","4","3/24/2019","18:14","Credit card","7"
"641-51-2661","C","Member","Female","3","261.3","10","2/12/2019","14:45","Credit card","10"
"714-02-3114","C","Normal","Female","6","296.40002","2","2/21/2019","11:39","Cash","10"
"518-17-2983","A","Normal","Female","2","145.89","4","2/4/2019","15:44","Debit card","9"
"779-42-2410","B","Member","Male","3","173.22","9","2/20/2019","13:06","Debit card","10"
"190-14-3147","B","Normal","Female","4","53.909996","4","2/23/2019","20:43","Debit card","8"
"408-66-6712","C","Member","Female","4","143.13","6","2/16/2019","14:19","Debit card","5"
"679-22-6530","B","Normal","Female","6","121.86","2","1/17/2019","10:01","Credit card","5"
"588-47-8641","A","Member","Male","2","168.12","20","1/14/2019","19:30","Debit card","2"
"642-61-4706","B","Member","Male","3","280.2","24","3/30/2019","16:34","Cash","7"
"576-31-4774","B","Normal","Female","4","null","2","3/2/2019","13:10","Debit card","5"
"556-41-6224","C","Normal","Male","4","100.92","8","2/15/2019","17:10","Credit card","10"
"811-03-8790","A","Normal","Female","1","136.44","8","3/1/2019","10:22","Credit card","6"
"242-11-3142","B","Member","Male","2","251.31","6","2/24/2019","19:57","Cash","2"
"752-23-3760","B","Member","Female","6","192.24","84","2/19/2019","19:29","Credit card","4"
"274-05-5470","A","Member","Female","3","220.41","4","2/23/2019","18:30","Cash","7"
"648-94-3045","C","Normal","Male","4","176.85","10","2/7/2019","14:27","Debit card","10"
"130-67-4723","A","Member","Male","3","145.5","9","1/11/2019","13:57","Debit card","10"
"528-87-5606","B","Member","Female","1","118.44","3","2/12/2019","19:43","Cash","3"
"320-85-2052","B","Normal","Female","6","104.43001","1","1/14/2019","10:11","Credit card","9"
"370-96-0655","C","Normal","Female","2","147.95999","6","1/9/2019","13:46","Debit card","9"
"105-10-6182","A","Member","Male","2","64.44","4","2/27/2019","12:22","Debit card","3"
"510-79-0415","B","Member","Female","6","69.24","36","1/24/2019","19:20","Debit card","2"
"241-96-5076","B","Member","Female","5","147.29999","6","1/8/2019","12:58","Credit card","3"
"767-97-4650","B","Member","Female","6","194.49","4","1/8/2019","11:59","Credit card","10"
"648-83-1321","A","Member","Male","5","190.68001","10","1/16/2019","17:59","Cash","5"
"173-57-2300","C","Member","Male","6","218.63998","1","3/13/2019","12:51","Cash","7"
"305-03-2383","A","Normal","Female","3","201.29999","3","2/15/2019","10:36","Cash","9"
"394-55-6384","C","Member","Female","6","210.57","18","1/25/2019","13:38","Cash","8"
"266-20-6657","C","Member","Male","3","165.12","84","3/12/2019","19:39","Debit card","6"
"689-05-1884","A","Member","Male","4","145.89","16","3/4/2019","12:44","Cash","5"
"196-01-2849","C","Member","Female","2","220.13998","7","2/10/2019","13:56","Cash","10"
"372-62-5264","C","Normal","Female","3","157.79999","9","1/16/2019","14:42","Cash","9"
"800-09-8606","A","Member","Female","5","262.11002","10","1/29/2019","19:45","Cash","3"
"182-52-7000","A","Member","Female","6","81.12","8","1/1/2019","20:26","Debit card","8"
"826-58-8051","B","Normal","Male","5","186.56999","12","1/6/2019","19:46","Debit card","2"
"868-06-0466","A","Member","Male","1","208.74","18","2/19/2019","19:38","Credit card","4"
"751-41-9720","C","Normal","Male","5","292.5","10","1/12/2019","16:18","Debit card","10"
"626-43-7888","C","Normal","Female","2","181.23","8","2/7/2019","12:23","Debit card","10"
"176-64-7711","B","Normal","Male","3","96.96","7","3/27/2019","19:11","Credit card","2"
"191-29-0321","B","Member","Female","2","59.31","10","2/27/2019","18:57","Credit card","6"
"729-06-2010","B","Member","Male","4","241.41","9","1/6/2019","11:18","Cash","10"
"640-48-5028","B","Member","Female","5","null","21","3/2/2019","12:40","Cash","3"
"186-79-9562","B","Normal","Male","4","215.31","5","3/29/2019","14:06","Cash","10"
"834-45-5519","B","Normal","Female","1","129","4","1/31/2019","20:48","Debit card","9"
"162-65-8559","C","Member","Male","3","206.94","1","1/21/2019","20:13","Cash","6"
"760-27-5490","C","Normal","Male","2","46.86","8","1/20/2019","20:37","Debit card","10"
"445-30-9252","A","Normal","Male","6","77.100006","3","1/17/2019","17:59","Debit card","7"
"786-94-2700","A","Member","Male","3","241.86002","18","2/28/2019","20:18","Cash","10"
"728-88-7867","C","Member","Female","5","226.59","3","3/19/2019","15:52","Debit card","10"
"183-21-3799","C","Normal","Female","1","232.88998","9","2/19/2019","15:14","Debit card","9"
"268-20-3585","C","Normal","Female","4","41.550003","9","2/4/2019","12:50","Debit card","7"
"735-32-9839","C","Member","Male","2","296.09998","20","1/31/2019","10:36","Debit card","5"
"258-92-7466","A","Normal","Female","4","107.04","5","2/6/2019","18:33","Credit card","8"
"857-16-3520","A","Member","Female","2","214.38","5","3/28/2019","16:06","Debit card","5"
"482-17-1179","A","Member","Male","1","35.82","6","1/19/2019","12:47","Credit card","4"
"788-21-5741","A","Normal","Male","2","136.14","3","2/17/2019","13:34","Credit card","9"
"821-14-9046","B","Member","Female","2","52.44","6","1/18/2019","15:04","Credit card","7"
"418-05-0656","B","Normal","Female","2","null","7","2/2/2019","20:42","Cash","9"
"678-79-0726","C","Member","Female","6","271.88998","18","1/18/2019","15:28","Cash","6"
"776-68-1096","B","Normal","Male","5","132.36","2","3/18/2019","13:45","Credit card","10"
"592-46-1692","C","Member","Female","3","110.31","7","1/11/2019","20:10","Cash","9"
"434-35-9162","B","Member","Male","3","70.020004","12","2/4/2019","18:53","Debit card","9"
"149-14-0304","C","Member","Female","4","85.5","8","2/6/2019","14:24","Cash","8"
"442-44-6497","C","Member","Male","5","166.70999","3","1/8/2019","11:42","Credit card","7"
"174-64-0215","B","Normal","Male","6","209.22","8","3/5/2019","17:49","Credit card","10"
"210-74-9613","C","Normal","Male","2","291.78","3","3/16/2019","15:33","Debit card","8"
"299-29-0180","B","Member","Female","5","156.54001","5","3/9/2019","10:54","Cash","10"
"247-11-2470","A","Member","Female","2","66.96","3","3/1/2019","16:23","Credit card","5"
"635-28-5728","A","Normal","Male","4","168","6","2/28/2019","19:33","Debit card","2"
"756-49-0168","A","Member","Male","2","59.100002","1","2/8/2019","11:39","Debit card","10"
"438-23-1242","B","Normal","Male","1","227.63998","7","1/24/2019","10:38","Debit card","10"
"238-45-6950","B","Member","Male","3","161.16","12","3/1/2019","20:03","Debit card","8"
"607-65-2441","C","Member","Male","4","245.84999","8","3/10/2019","12:39","Credit card","7"
"386-27-7606","C","Member","Female","5","243.59999","5","3/23/2019","15:59","Credit card","10"
"137-63-5492","C","Normal","Male","1","176.28","10","1/29/2019","14:26","Debit card","10"
"197-77-7132","B","Member","Male","1","274.68","8","1/12/2019","18:22","Debit card","7"
"805-86-0265","A","Normal","Male","5","281.88","7","3/20/2019","11:32","Cash","10"
"733-29-1227","C","Normal","Male","5","166.83","5","3/23/2019","12:41","Cash","10"
"451-73-2711","C","Normal","Male","3","254.49","1","1/14/2019","15:20","Debit card","10"
"373-14-0504","A","Member","Female","6","214.88998","8","2/12/2019","14:33","Debit card","10"
"546-80-2899","A","Member","Male","5","113.06999","2","2/20/2019","15:29","Debit card","10"
"345-68-9016","C","Member","Female","6","null","16","1/2/2019","16:19","Credit card","7"
"390-17-5806","C","Member","Female","3","null","1","2/2/2019","16:33","Cash","10"
"457-13-1708","B","Member","Male","2","195.69","30","1/8/2019","19:07","Credit card","3"
"664-14-2882","C","Member","Female","5","31.59","5","1/30/2019","14:43","Credit card","7"
"487-79-6868","B","Member","Female","5","36.87","21","3/26/2019","19:28","Credit card","4"
"314-23-4520","C","Member","Male","4","243.69","7","1/15/2019","20:44","Cash","10"
"210-30-7976","B","Member","Female","2","66.96","3","3/14/2019","11:16","Debit card","5"
"585-86-8361","A","Normal","Female","3","81.840004","5","2/3/2019","10:31","Credit card","10"
"807-14-7833","A","Member","Female","1","52.260002","20","2/22/2019","12:30","Debit card","4"
"775-72-1988","B","Normal","Male","5","219.84","5","1/24/2019","15:05","Debit card","10"
"288-38-3758","C","Member","Female","2","254.61002","3","1/25/2019","18:30","Debit card","9"
"652-43-6591","A","Normal","Female","2","291.87","6","3/9/2019","13:18","Credit card","8"
"785-96-0615","B","Member","Female","1","107.22","8","2/17/2019","15:28","Debit card","6"
"406-46-7107","A","Normal","Female","5","289.56","6","1/11/2019","11:52","Cash","5"
"250-17-5703","A","Member","Male","3","56.550003","30","2/27/2019","18:24","Debit card","7"
"156-95-3964","A","Normal","Female","3","166.17","3","3/25/2019","15:19","Debit card","10"
"842-40-8179","B","Member","Female","3","231.59999","10","2/11/2019","10:38","Credit card","7"
"525-09-8450","B","Normal","Male","1","216.38998","10","1/31/2019","15:12","Credit card","5"
"410-67-1709","A","Member","Female","2","191.64","8","1/20/2019","17:48","Debit card","10"
"587-73-4862","A","Member","Female","4","32.07","4","3/26/2019","11:07","Debit card","9"
"787-87-2010","A","Member","Male","4","166.5","4","1/20/2019","15:48","Credit card","8"
"593-14-4239","B","Normal","Female","5","286.38","19","3/5/2019","19:40","Debit card","2"
"801-88-0346","C","Normal","Female","2","228.18","3","1/5/2019","20:30","Credit card","10"
"388-76-2555","B","Normal","Male","6","41.07","6","2/13/2019","13:59","Cash","8"
"711-31-1234","B","Normal","Female","1","286.91998","3","3/16/2019","18:51","Cash","10"
"886-54-6089","A","Normal","Female","5","34.29","6","1/15/2019","17:24","Cash","10"
"707-32-7409","B","Member","Female","6","286.62","16","2/26/2019","11:58","Debit card","5"
"759-98-4285","C","Member","Female","4","257.61002","7","2/27/2019","19:01","Credit card","10"
"201-63-8275","C","Member","Female","6","203.97","28","2/17/2019","16:50","Debit card","7"
"471-06-8611","C","Normal","Female","3","157.26","2","2/6/2019","10:22","Credit card","3"
"200-16-5952","C","Member","Male","3","196.95001","3","1/17/2019","16:46","Cash","7"
"120-54-2248","B","Normal","Female","3","86.58","5","1/22/2019","18:08","Credit card","10"
"102-77-2261","C","Member","Male","4","195.93","5","3/5/2019","18:02","Credit card","5"
"875-31-8302","B","Normal","Male","6","280.13998","1","1/3/2019","13:07","Cash","10"
"102-06-2002","C","Member","Male","6","75.75","4","3/20/2019","17:52","Cash","7"
"457-94-0464","B","Member","Male","1","263.61002","9","1/31/2019","20:32","Debit card","7"
"629-42-4133","C","Normal","Male","4","65.399994","8","2/19/2019","19:24","Cash","10"
"534-53-3526","A","Normal","Female","6","284.28","4","2/11/2019","16:06","Debit card","10"
"307-04-2070","A","Member","Female","2","91.86","1","2/5/2019","14:14","Credit card","5"
"468-99-7231","C","Normal","Female","5","132.03","6","3/3/2019","17:36","Cash","10"
"516-77-6464","C","Member","Female","4","30.48","5","2/24/2019","13:08","Debit card","5"
"404-91-5964","A","Normal","Male","1","223.74","7","2/4/2019","16:09","Credit card","10"
"886-77-9084","C","Normal","Male","1","215.67","8","2/19/2019","11:33","Debit card","7"
"790-38-4466","C","Normal","Female","4","32.97","12","1/23/2019","10:18","Credit card","5"
"704-10-4056","C","Member","Male","4","181.41","7","1/14/2019","10:55","Credit card","3"
"497-37-6538","A","Normal","Male","6","176.73","7","1/17/2019","15:15","Debit card","10"
"651-96-5970","A","Normal","Male","2","139.23","0","3/3/2019","20:06","Credit card","5"
"400-80-4065","C","Member","Male","4","205.65001","4","2/15/2019","20:21","Credit card","10"
"744-16-7898","B","Normal","Female","5","292.11002","10","1/15/2019","13:48","Credit card","6"
"263-12-5321","A","Member","Male","1","277.8","14","2/27/2019","12:52","Credit card","5"
"702-72-0487","A","Normal","Female","1","139.83","4","2/26/2019","12:28","Credit card","3"
"605-83-1050","B","Normal","Male","2","81.54","1","3/15/2019","16:26","Debit card","5"
"443-60-9639","C","Member","Female","5","182.61","1","1/24/2019","13:24","Cash","7"
"864-24-7918","A","Member","Female","6","73.47","40","2/22/2019","15:15","Cash","10"
"359-94-5395","B","Normal","Male","4","278.34","0","3/15/2019","10:50","Credit card","10"
"401-09-4232","C","Member","Male","5","260.07","5","2/11/2019","18:38","Debit card","10"
"751-15-6198","B","Normal","Male","6","69.03","6","1/12/2019","16:45","Debit card","10"
"324-41-6833","C","Member","Female","1","90.600006","6","3/3/2019","19:30","Debit card","6"
"474-33-8305","C","Member","Male","2","202.17","5","3/23/2019","13:23","Debit card","8"
"759-29-9521","A","Member","Female","2","146.88","7","3/4/2019","11:27","Cash","10"
"831-81-6575","B","Member","Female","1","226.76999","9","2/23/2019","11:12","Cash","10"
"220-68-6701","A","Normal","Female","5","232.41","3","3/17/2019","16:36","Cash","5"
"618-34-8551","A","Normal","Female","6","279.54","2","1/16/2019","18:41","Credit card","10"
"257-60-7754","A","Normal","Female","1","150.69","4","1/8/2019","17:12","Cash","10"
"559-61-5987","B","Normal","Female","4","53.25","1","1/14/2019","10:38","Cash","10"
"189-55-2313","C","Normal","Female","2","186.54001","25","1/31/2019","10:33","Debit card","3"
"565-91-4567","B","Normal","Male","4","32.25","6","3/15/2019","14:38","Debit card","8"
"380-60-5336","A","Normal","Female","1","120.78","10","2/24/2019","18:06","Credit card","6"
"815-04-6282","C","Member","Female","6","194.91","20","2/8/2019","12:52","Credit card","8"
"674-56-6360","A","Normal","Male","1","285.45","0","3/22/2019","14:00","Cash","7"
"778-34-2523","A","Member","Female","1","145.86","8","1/24/2019","10:57","Cash","6"
"499-27-7781","B","Normal","Female","3","159.63","6","3/14/2019","16:45","Debit card","6"
"477-59-2456","C","Normal","Female","2","136.31999","7","1/23/2019","11:15","Cash","10"
"832-51-6761","A","Normal","Male","3","101.64","8","1/19/2019","20:29","Debit card","10"
"869-11-3082","B","Member","Male","4","288.48","4","1/27/2019","20:03","Credit card","10"
"190-59-3964","B","Member","Male","3","141.48","15","2/3/2019","14:35","Credit card","7"
"366-43-6862","B","Normal","Male","1","158.67","3","3/25/2019","16:32","Debit card","8"
"186-43-8965","A","Member","Female","5","143.04001","2","2/24/2019","10:10","Credit card","5"
"784-21-9238","C","Member","Male","6","30.51","1","2/7/2019","14:15","Cash","7"
"276-75-6884","A","Normal","Female","4","206.13","2","3/4/2019","10:05","Cash","10"
"109-86-4363","B","Member","Female","6","180.24","28","2/14/2019","11:36","Credit card","5"
"569-76-2760","A","Member","Female","6","66.03","8","1/29/2019","18:15","Credit card","8"
"222-42-0244","B","Member","Female","4","216.33","9","1/28/2019","13:53","Credit card","10"
"760-53-9233","A","Member","Male","2","123.84","2","3/26/2019","18:37","Credit card","10"
"538-22-0304","C","Normal","Male","1","194.84999","8","3/24/2019","18:27","Cash","6"
"416-17-9926","A","Member","Female","1","222.66","10","1/1/2019","14:42","Credit card","5"
"237-44-6163","A","Normal","Male","1","31.68","8","1/24/2019","17:43","Cash","9"
"636-17-0325","B","Normal","Male","4","187.70999","4","2/25/2019","18:37","Cash","10"
"343-75-9322","B","Member","Female","6","35.550003","16","1/9/2019","16:34","Cash","5"
"528-14-9470","A","Member","Male","4","273.90002","1","2/14/2019","14:42","Debit card","10"
"427-45-9297","B","Member","Female","5","122.19","5","3/12/2019","11:01","Debit card","7"
"807-34-3742","A","Normal","Male","2","157.14","1","3/26/2019","19:44","Cash","3"
"288-62-1085","A","Member","Male","2","115.62","5","1/9/2019","13:34","Debit card","7"
"670-71-7306","B","Normal","Male","6","null","6","1/2/2019","20:08","Credit card","6"
"660-29-7083","C","Normal","Male","1","167.61","10","1/15/2019","15:01","Cash","7"
"271-77-8740","C","Member","Female","6","87.659996","12","1/1/2019","11:40","Debit card","6"
"497-36-0989","A","Normal","Male","2","155.81999","3","2/15/2019","15:21","Cash","10"
"291-59-1384","B","Normal","Male","1","180.9","1","2/28/2019","17:38","Cash","7"
"860-73-6466","A","Member","Female","6","null","12","3/2/2019","16:16","Credit card","6"
"549-23-9016","C","Member","Female","3","44.61","2","2/13/2019","18:15","Credit card","10"
"896-34-0956","A","Normal","Male","2","63.96","2","1/26/2019","12:43","Cash","3"
"804-38-3935","A","Member","Male","1","281.34","3","1/30/2019","11:32","Credit card","7"
"585-90-0249","A","Member","Male","1","219.78","1","1/27/2019","18:08","Debit card","10"
"862-29-5914","C","Normal","Female","6","67.14","1","1/30/2019","17:08","Credit card","10"
"845-94-6841","C","Member","Female","3","218.63998","9","1/8/2019","19:38","Cash","5"
"125-45-2293","A","Normal","Female","2","297.3","6","1/19/2019","13:11","Cash","5"
"843-73-4724","A","Normal","Male","2","222.29999","1","1/25/2019","11:05","Cash","10"
"409-33-9708","A","Normal","Female","2","295.44","2","2/19/2019","10:12","Debit card","10"
"658-66-3967","C","Normal","Male","4","159.56999","7","1/14/2019","15:42","Debit card","6"
"866-70-2814","B","Normal","Female","1","158.37","10","2/25/2019","11:58","Debit card","10"
"160-22-2687","A","Member","Female","4","287.84998","5","1/23/2019","14:21","Debit card","10"
"895-03-6665","B","Normal","Female","2","109.53","9","2/16/2019","10:52","Cash","5"
"770-42-8960","B","Normal","Male","3","63.36","24","1/1/2019","19:31","Cash","3"
"748-45-2862","A","Member","Female","5","84.93","3","3/7/2019","18:35","Cash","10"
"234-36-2483","B","Normal","Male","4","172.77","6","2/15/2019","13:51","Cash","6"
"316-66-3011","A","Member","Female","3","142.89","18","1/23/2019","12:35","Cash","3"
"848-95-6252","C","Member","Female","5","258.81","1","2/20/2019","13:24","Debit card","9"
"840-76-5966","A","Member","Male","6","38.28","2","1/8/2019","18:06","Debit card","10"
"152-03-4217","B","Normal","Female","5","33.84","7","3/17/2019","11:55","Credit card","5"
"533-66-5566","B","Normal","Female","5","153.20999","7","1/12/2019","11:42","Cash","9"
"124-31-1458","A","Member","Female","1","238.76999","3","1/8/2019","14:30","Cash","8"
"176-78-1170","C","Member","Male","4","101.43001","3","1/26/2019","15:11","Debit card","9"
"361-59-0574","B","Member","Male","6","271.59","6","3/15/2019","14:48","Credit card","8"
"101-81-4070","C","Member","Female","4","188.45999","2","1/17/2019","12:36","Debit card","6"
"631-34-1880","C","Member","Male","3","72.93","4","1/8/2019","19:09","Credit card","5"
"852-82-2749","A","Normal","Male","6","193.76999","4","1/6/2019","13:35","Debit card","10"
"873-14-6353","A","Member","Male","3","74.46","21","2/16/2019","10:33","Credit card","9"
"584-66-4073","C","Normal","Male","2","169.5","0","3/13/2019","15:45","Debit card","10"
"544-55-9589","B","Member","Female","1","64.29","10","1/28/2019","11:51","Cash","8"
"166-19-2553","A","Member","Male","6","267.18","6","1/18/2019","17:26","Cash","10"
"737-88-5876","A","Member","Male","5","69.87","3","3/19/2019","11:52","Credit card","7"
"154-87-7367","C","Normal","Male","5","195.78","6","3/15/2019","14:04","Debit card","8"
"885-56-0389","C","Member","Male","2","157.04999","1","2/12/2019","17:49","Cash","5"
"608-05-3804","B","Member","Male","1","119.25","1","2/25/2019","20:19","Cash","7"
"448-61-3783","A","Normal","Female","1","270.06","6","3/21/2019","16:08","Credit card","5"
"761-49-0439","B","Member","Female","1","36.300003","8","1/19/2019","10:17","Debit card","10"
"490-95-0021","B","Member","Female","3","99.63","10","1/8/2019","14:25","Debit card","7"
"115-38-7388","C","Member","Female","2","30.54","6","3/30/2019","12:51","Credit card","10"
"311-13-6971","B","Member","Male","6","95.97","10","2/20/2019","15:18","Credit card","10"
"291-55-6563","A","Member","Female","5","103.259995","9","3/30/2019","12:45","Debit card","4"
"548-48-3156","A","Member","Female","3","250.01999","1","3/19/2019","13:37","Cash","9"
"460-93-5834","A","Normal","Male","6","136.74","7","1/13/2019","10:03","Cash","6"
"325-89-4209","A","Member","Male","3","263.7","6","2/5/2019","19:42","Debit card","4"
"884-80-6021","A","Member","Female","1","220.41","8","3/23/2019","13:14","Debit card","10"
"137-74-8729","C","Normal","Female","2","36.57","6","3/13/2019","12:47","Debit card","8"
"880-46-5796","A","Member","Male","6","230.76","16","3/17/2019","19:53","Debit card","3"
"389-70-2397","C","Normal","Female","4","250.98001","12","2/21/2019","10:26","Cash","4"
"114-35-5271","B","Normal","Female","1","173.73","8","2/7/2019","15:06","Cash","10"
"607-76-6216","C","Member","Female","2","null","4","3/2/2019","16:35","Credit card","10"
"715-20-1673","B","Normal","Male","1","85.14","4","3/6/2019","20:57","Cash","10"
"811-35-1094","B","Member","Male","1","151.35","6","2/6/2019","15:16","Credit card","10"
"699-88-1972","B","Normal","Male","4","297.48","8","1/28/2019","17:47","Credit card","5"
"781-84-8059","C","Normal","Male","2","182.22","7","1/18/2019","16:23","Debit card","6"
"409-49-6995","C","Member","Female","3","141.81","15","2/5/2019","10:17","Cash","5"
"725-54-0677","C","Member","Male","4","null","5","3/2/2019","13:50","Cash","6"
"146-09-5432","A","Member","Male","3","105.12","54","2/9/2019","19:17","Debit card","2"
"377-79-7592","C","Member","Female","1","134.52","9","1/14/2019","14:00","Credit card","9"
"509-10-0516","B","Normal","Male","5","137.91","12","2/9/2019","12:02","Debit card","3"
"595-94-9924","A","Member","Female","4","83.19","4","3/26/2019","20:21","Credit card","5"
"865-41-9075","A","Normal","Male","3","34.59","7","1/28/2019","17:35","Cash","10"
"545-07-8534","C","Normal","Female","4","174.95999","2","2/14/2019","12:42","Debit card","7"
"118-62-1812","C","Member","Female","5","235.13998","3","3/24/2019","17:56","Cash","10"
"450-42-3339","C","Normal","Male","4","253.83","10","2/9/2019","18:58","Credit card","10"
"851-98-3555","B","Normal","Female","4","248.63998","4","3/24/2019","14:08","Credit card","8"
"186-71-5196","A","Member","Female","3","238.62","1","3/27/2019","16:30","Debit card","8"
"624-01-8356","B","Normal","Female","5","147.03","10","1/27/2019","10:44","Credit card","5"
"313-66-9943","B","Member","Female","3","87.45","2","3/27/2019","20:29","Credit card","9"
"151-27-8496","C","Normal","Female","1","168.39","4","1/19/2019","11:43","Debit card","10"
"453-33-6436","A","Normal","Female","5","279.36002","8","2/7/2019","10:09","Cash","8"
"522-57-8364","A","Member","Male","2","154.02","8","1/31/2019","10:00","Debit card","9"
"459-45-2396","A","Member","Female","3","298.8","3","2/25/2019","18:45","Cash","7"
"717-96-4189","C","Normal","Female","1","null","6","2/2/2019","12:40","Cash","5"
"722-13-2115","C","Member","Male","6","128.54999","0","3/14/2019","15:36","Credit card","10"
"749-81-8133","A","Normal","Female","2","284.01","6","3/11/2019","12:04","Cash","4"
"777-67-2495","B","Normal","Male","5","206.91","3","2/22/2019","11:26","Debit card","10"
"636-98-3364","B","Member","Female","1","null","7","3/2/2019","12:36","Debit card","3"
"246-55-6923","C","Member","Female","5","107.37","7","3/10/2019","15:06","Credit card","6"
"181-82-6255","B","Normal","Female","5","49.11","6","2/8/2019","10:58","Cash","9"
"838-02-1821","C","Member","Female","5","38.19","2","2/22/2019","12:10","Credit card","6"
"887-42-0517","C","Normal","Female","6","249.42","17","1/10/2019","10:31","Credit card","3"
"457-12-0244","C","Member","Female","6","105.66","36","3/14/2019","13:49","Debit card","8"
"226-34-0034","B","Normal","Female","1","41.34","4","1/10/2019","11:10","Debit card","10"
"321-49-7382","B","Member","Male","6","264.93","1","2/15/2019","17:38","Credit card","6"
"397-25-8725","A","Member","Female","4","118.86","9","1/13/2019","17:54","Credit card","8"
"431-66-2305","B","Normal","Female","1","264.75","9","2/15/2019","20:51","Credit card","9"
"825-94-5922","B","Normal","Male","6","null","4","3/2/2019","19:26","Debit card","4"
"641-62-7288","B","Normal","Male","5","299.76","4","3/24/2019","13:33","Debit card","9"
"756-93-1854","C","Member","Female","2","null","2","2/2/2019","14:05","Credit card","10"
"243-55-8457","A","Normal","Female","3","223.32","10","2/27/2019","11:40","Debit card","6"
"458-10-8612","C","Normal","Male","4","192.24","7","1/20/2019","12:27","Debit card","9"
"501-61-1753","B","Normal","Female","5","189.45001","6","1/3/2019","20:24","Debit card","10"
"235-06-8510","C","Member","Male","5","257.16","3","1/24/2019","20:59","Debit card","6"
"433-08-7822","C","Normal","Female","4","236.67","7","1/5/2019","19:48","Debit card","9"
"361-85-2571","A","Normal","Female","6","268.44","4","3/30/2019","10:18","Cash","9"
"131-70-8179","A","Member","Female","4","276.27","3","2/17/2019","16:27","Cash","5"
"500-02-2261","C","Normal","Female","3","171.87","4","3/21/2019","17:04","Debit card","7"
"720-72-2436","A","Normal","Male","3","null","3","3/2/2019","18:14","Debit card","8"
"702-83-5291","C","Member","Male","2","299.46","18","3/27/2019","10:43","Cash","3"
"809-69-9497","A","Normal","Female","5","137.04001","20","1/19/2019","19:30","Debit card","3"
"449-16-6770","A","Normal","Male","4","152.37","5","2/19/2019","14:53","Credit card","6"
"333-23-2632","A","Member","Male","4","30.24","5","3/28/2019","20:14","Cash","5"
"489-82-1237","A","Normal","Female","1","281.63998","7","1/5/2019","11:51","Credit card","9"
"859-97-6048","C","Member","Male","1","252.75","1","3/26/2019","14:13","Credit card","6"
"676-10-2200","B","Member","Male","2","161.34","1","2/3/2019","20:13","Debit card","6"
"373-88-1424","C","Member","Male","5","107.43001","5","2/6/2019","18:44","Debit card","10"
"365-16-4334","B","Normal","Female","3","79.29","8","2/24/2019","14:26","Debit card","10"
"503-21-4385","B","Member","Male","4","119.729996","9","2/21/2019","12:40","Debit card","5"
"305-89-2768","B","Member","Female","5","65.7","3","1/9/2019","18:43","Debit card","6"
"574-80-1489","B","Member","Female","3","188.54999","4","2/25/2019","13:22","Debit card","10"
"784-08-0310","C","Member","Female","3","63.120003","4","1/13/2019","13:58","Cash","9"
"200-40-6154","B","Member","Male","5","197.73001","6","2/9/2019","11:45","Cash","7"
"846-10-0341","A","Normal","Female","2","127.71","7","1/6/2019","11:51","Cash","8"
"577-34-7579","C","Member","Male","3","151.47","13","1/10/2019","17:16","Cash","7"
"430-02-3888","B","Normal","Male","1","138.06","6","2/7/2019","15:55","Cash","9"
"867-47-1948","C","Normal","Female","5","47.4","10","1/9/2019","12:07","Cash","10"
"384-59-6655","A","Member","Female","3","295.98","9","2/19/2019","15:07","Cash","10"
"256-58-3609","C","Member","Male","2","275.94","0","3/18/2019","15:29","Cash","10"
"324-92-3863","A","Member","Male","1","62.67","2","2/5/2019","18:45","Cash","10"
"593-08-5916","A","Normal","Female","2","46.5","0","3/19/2019","15:23","Credit card","9"
"364-34-2972","C","Member","Male","1","290.46","2","3/30/2019","20:37","Cash","8"
"794-42-3736","B","Normal","Male","3","99.990005","2","1/26/2019","14:41","Credit card","8"
"172-42-8274","B","Normal","Female","1","null","1","3/2/2019","18:18","Credit card","7"
"558-60-5016","A","Normal","Female","5","99.899994","7","3/4/2019","15:27","Debit card","9"
"195-06-0432","A","Member","Male","5","243.03","6","1/13/2019","12:55","Credit card","5"
"605-03-2706","A","Normal","Female","4","47.4","2","3/25/2019","18:02","Cash","10"
"214-30-2776","B","Member","Female","1","103.47","12","3/11/2019","19:44","Credit card","5"
"746-04-1077","B","Member","Female","3","253.88998","10","1/1/2019","11:36","Credit card","10"
"448-34-8700","B","Member","Male","5","110.729996","7","2/10/2019","13:51","Debit card","8"
"452-04-8808","B","Normal","Male","1","261.24","7","1/26/2019","15:17","Cash","7"
"531-56-4728","A","Normal","Male","5","240.24","3","2/11/2019","15:29","Cash","7"
"744-82-9138","C","Normal","Male","2","258.38998","2","2/7/2019","17:59","Cash","10"
"883-69-1285","B","Member","Male","2","149.76","1","3/6/2019","11:55","Credit card","9"
"221-25-5073","A","Normal","Female","3","223.98001","3","3/4/2019","10:39","Cash","10"
"518-71-6847","B","Member","Male","3","79.8","18","2/26/2019","15:10","Debit card","6"
"156-20-0370","B","Normal","Female","1","76.350006","0","3/10/2019","18:10","Credit card","6"
"151-33-7434","B","Normal","Female","3","203.31","1","2/4/2019","20:43","Credit card","8"
"728-47-9078","C","Member","Male","3","178.77","6","1/19/2019","12:46","Cash","10"
"809-46-1866","A","Normal","Male","4","174.45001","4","1/23/2019","17:44","Cash","10"
"139-32-4183","A","Member","Female","6","292.44","54","3/14/2019","14:19","Debit card","9"
"148-41-7930","C","Normal","Male","4","299.88","17","1/23/2019","10:33","Cash","3"
"189-40-5216","C","Normal","Male","1","289.11002","7","1/9/2019","11:40","Cash","7"
"374-38-5555","B","Normal","Female","2","191.13","15","2/7/2019","19:30","Debit card","5"
"764-44-8999","B","Normal","Female","4","44.28","2","2/18/2019","14:42","Debit card","5"
"552-44-5977","B","Member","Male","4","186","24","1/3/2019","19:08","Credit card","3"
"267-62-7380","C","Member","Male","1","247.01999","8","3/29/2019","19:12","Debit card","5"
"430-53-4718","B","Member","Male","4","226.11002","8","1/28/2019","15:46","Credit card","10"
"886-18-2897","A","Normal","Female","3","169.68001","8","3/22/2019","19:06","Credit card","2"
"602-16-6955","B","Normal","Female","6","229.79999","10","1/24/2019","18:10","Debit card","7"
"745-74-0715","A","Normal","Male","1","174.09","1","3/10/2019","20:46","Debit card","10"
"690-01-6631","B","Normal","Male","2","52.47","10","2/22/2019","18:35","Debit card","8"
"652-49-6720","C","Member","Female","1","182.85","1","2/18/2019","11:40","Debit card","7"
"233-67-5758","C","Normal","Male","4","121.049995","1","1/29/2019","13:46","Debit card","8"
"303-96-2227","B","Normal","Female","5","null","8","3/2/2019","17:16","Debit card","5"
"727-02-1313","A","Member","Male","3","95.520004","3","2/9/2019","13:22","Cash","10"
"347-56-2442","A","Normal","Male","5","197.45999","1","2/22/2019","15:33","Cash","5"
"849-09-3807","A","Member","Female","2","265.02","7","2/18/2019","13:28","Cash","8"
